-- phpMyAdmin SQL Dump
-- version 4.7.9
-- https://www.phpmyadmin.net/
--
-- Host: 127.0.0.1:3306
-- Generation Time: Apr 24, 2019 at 11:08 AM
-- Server version: 5.7.21
-- PHP Version: 7.2.4

SET SQL_MODE = "NO_AUTO_VALUE_ON_ZERO";
SET AUTOCOMMIT = 0;
START TRANSACTION;
SET time_zone = "+00:00";


/*!40101 SET @OLD_CHARACTER_SET_CLIENT=@@CHARACTER_SET_CLIENT */;
/*!40101 SET @OLD_CHARACTER_SET_RESULTS=@@CHARACTER_SET_RESULTS */;
/*!40101 SET @OLD_COLLATION_CONNECTION=@@COLLATION_CONNECTION */;
/*!40101 SET NAMES utf8mb4 */;

--
-- Database: `eapi_dbase`
--

-- --------------------------------------------------------

--
-- Table structure for table `migrations`
--

DROP TABLE IF EXISTS `migrations`;
CREATE TABLE IF NOT EXISTS `migrations` (
  `id` int(10) UNSIGNED NOT NULL AUTO_INCREMENT,
  `migration` varchar(100) COLLATE utf8mb4_unicode_ci NOT NULL,
  `batch` int(11) NOT NULL,
  PRIMARY KEY (`id`)
) ENGINE=MyISAM AUTO_INCREMENT=5 DEFAULT CHARSET=utf8mb4 COLLATE=utf8mb4_unicode_ci;

--
-- Dumping data for table `migrations`
--

INSERT INTO `migrations` (`id`, `migration`, `batch`) VALUES
(1, '2014_10_12_000000_create_users_table', 1),
(2, '2014_10_12_100000_create_password_resets_table', 1),
(3, '2019_04_24_094244_create_products_table', 1),
(4, '2019_04_24_094417_create_reviews_table', 1);

-- --------------------------------------------------------

--
-- Table structure for table `password_resets`
--

DROP TABLE IF EXISTS `password_resets`;
CREATE TABLE IF NOT EXISTS `password_resets` (
  `email` varchar(100) COLLATE utf8mb4_unicode_ci NOT NULL,
  `token` varchar(100) COLLATE utf8mb4_unicode_ci NOT NULL,
  `created_at` timestamp NULL DEFAULT NULL,
  KEY `password_resets_email_index` (`email`)
) ENGINE=MyISAM DEFAULT CHARSET=utf8mb4 COLLATE=utf8mb4_unicode_ci;

-- --------------------------------------------------------

--
-- Table structure for table `products`
--

DROP TABLE IF EXISTS `products`;
CREATE TABLE IF NOT EXISTS `products` (
  `id` bigint(20) UNSIGNED NOT NULL AUTO_INCREMENT,
  `name` varchar(100) COLLATE utf8mb4_unicode_ci NOT NULL,
  `details` text COLLATE utf8mb4_unicode_ci NOT NULL,
  `price` double(8,2) NOT NULL,
  `stock` int(11) NOT NULL,
  `discount` double(8,2) NOT NULL,
  `created_at` timestamp NULL DEFAULT NULL,
  `updated_at` timestamp NULL DEFAULT NULL,
  PRIMARY KEY (`id`)
) ENGINE=MyISAM AUTO_INCREMENT=51 DEFAULT CHARSET=utf8mb4 COLLATE=utf8mb4_unicode_ci;

--
-- Dumping data for table `products`
--

INSERT INTO `products` (`id`, `name`, `details`, `price`, `stock`, `discount`, `created_at`, `updated_at`) VALUES
(1, 'doloremque', 'Eius voluptatem ratione non ad iusto beatae aperiam. Porro temporibus atque qui id reiciendis velit. Facilis neque aut est et.', 290.00, 2, 22.00, '2019-04-24 05:10:56', '2019-04-24 05:10:56'),
(2, 'quia', 'Et vero aspernatur et consequuntur sunt. Quisquam esse eveniet commodi sint eligendi debitis. Autem repellendus est commodi quis atque nisi. Dolores occaecati delectus delectus reiciendis vel delectus.', 388.00, 3, 7.00, '2019-04-24 05:10:56', '2019-04-24 05:10:56'),
(3, 'est', 'Alias incidunt repellendus consequuntur unde. Molestiae accusantium et nulla et quasi repellat sequi. Beatae quae rerum iure qui mollitia.', 529.00, 0, 31.00, '2019-04-24 05:10:56', '2019-04-24 05:10:56'),
(4, 'quis', 'Velit et reiciendis eaque reprehenderit at quia. Dolores quisquam consequatur earum inventore perspiciatis quisquam. Vel suscipit vero aut doloremque necessitatibus reprehenderit.', 168.00, 7, 26.00, '2019-04-24 05:10:56', '2019-04-24 05:10:56'),
(5, 'inventore', 'Optio officiis sint numquam unde adipisci ea eum expedita. Est et voluptatem occaecati voluptas. Optio facilis earum ab quis.', 560.00, 8, 20.00, '2019-04-24 05:10:56', '2019-04-24 05:10:56'),
(6, 'reiciendis', 'Sunt vel animi occaecati iusto voluptates ea architecto. Reiciendis vero et quia cupiditate. Ea dolorum praesentium ducimus non voluptas.', 325.00, 6, 21.00, '2019-04-24 05:10:56', '2019-04-24 05:10:56'),
(7, 'autem', 'Quae consequatur consequatur corrupti id porro veniam. Esse cupiditate quis aut quas eum asperiores. Modi quia voluptatem omnis omnis quo assumenda vel est.', 484.00, 3, 4.00, '2019-04-24 05:10:56', '2019-04-24 05:10:56'),
(8, 'mollitia', 'Sit est maxime et expedita nobis consequatur excepturi. Quia error est sequi dolores dolor dolorum et. Qui ut omnis ab placeat. Consequatur sequi ullam et at sed placeat.', 188.00, 0, 38.00, '2019-04-24 05:10:56', '2019-04-24 05:10:56'),
(9, 'neque', 'Quia atque est nihil doloremque totam. Amet neque necessitatibus nostrum quis aut nam. Accusamus dicta ipsum et voluptatem in fugit earum.', 544.00, 2, 9.00, '2019-04-24 05:10:56', '2019-04-24 05:10:56'),
(10, 'cumque', 'Eius alias vel rem esse nam pariatur voluptates. Praesentium id neque dolores cumque. Occaecati quo occaecati unde qui. Ea sed odit corrupti quae repudiandae assumenda sed.', 768.00, 2, 36.00, '2019-04-24 05:10:56', '2019-04-24 05:10:56'),
(11, 'beatae', 'Corporis sint modi qui ipsam aut reprehenderit. Nemo facere cum exercitationem et. Et et nulla optio qui atque qui esse. Sint reprehenderit reprehenderit mollitia et.', 183.00, 2, 15.00, '2019-04-24 05:10:56', '2019-04-24 05:10:56'),
(12, 'sit', 'Incidunt at distinctio excepturi repellendus odit quasi est nemo. Odio nulla esse aut fugit praesentium facere. Porro et exercitationem quae sunt exercitationem error. Quas dignissimos quis repudiandae aut aut odio.', 351.00, 9, 40.00, '2019-04-24 05:10:56', '2019-04-24 05:10:56'),
(13, 'ipsum', 'Sed ut consequatur blanditiis iste qui eos minus. Et ea sed similique saepe mollitia amet. Dolore et perspiciatis illo illum esse.', 145.00, 3, 14.00, '2019-04-24 05:10:56', '2019-04-24 05:10:56'),
(14, 'qui', 'Dolor error distinctio eum tempore qui quae tenetur. Minima placeat impedit ea doloribus. Corrupti deleniti nulla dolorem ut maiores tempore fugiat.', 238.00, 2, 39.00, '2019-04-24 05:10:56', '2019-04-24 05:10:56'),
(15, 'laudantium', 'Ut unde perferendis magni nisi. Sed accusamus voluptatem eveniet numquam eos sed. Veniam labore aut et iusto sapiente placeat quia.', 549.00, 3, 33.00, '2019-04-24 05:10:56', '2019-04-24 05:10:56'),
(16, 'deleniti', 'Totam pariatur occaecati aut enim sit autem pariatur sapiente. Eos minus quia nobis et cum velit soluta. At ipsam voluptatem vel et maiores.', 627.00, 3, 3.00, '2019-04-24 05:10:56', '2019-04-24 05:10:56'),
(17, 'iure', 'Voluptatem consectetur cumque eveniet corrupti. Optio excepturi voluptates aliquid nobis cupiditate est saepe.', 373.00, 8, 20.00, '2019-04-24 05:10:56', '2019-04-24 05:10:56'),
(18, 'inventore', 'Qui aut voluptatem et et autem. Eveniet repellat et soluta adipisci. Qui velit praesentium nam earum vitae eum odio. Possimus exercitationem qui adipisci maxime.', 955.00, 7, 36.00, '2019-04-24 05:10:56', '2019-04-24 05:10:56'),
(19, 'tempora', 'Quibusdam quam nam modi enim. Totam ut sapiente voluptas et non. Sapiente reprehenderit et possimus dolores recusandae qui.', 941.00, 7, 24.00, '2019-04-24 05:10:56', '2019-04-24 05:10:56'),
(20, 'ad', 'Laudantium tempore et praesentium delectus aut. Repudiandae sequi accusamus iure expedita atque debitis deserunt non. Nihil ab ut sit porro recusandae et. Magnam dolores neque quia sit architecto est quia.', 645.00, 1, 22.00, '2019-04-24 05:10:56', '2019-04-24 05:10:56'),
(21, 'optio', 'Odit quis eos quae non ipsa sint eos quidem. Est enim nesciunt velit tenetur quis tempore. Deserunt fugiat et at labore modi sed sed itaque. Enim rerum fugit mollitia harum et et cupiditate.', 556.00, 5, 9.00, '2019-04-24 05:10:56', '2019-04-24 05:10:56'),
(22, 'ducimus', 'Laborum aliquid blanditiis est in non officia. Architecto nihil laborum praesentium dolores quia. Est expedita corporis aut sit eos ipsa pariatur.', 752.00, 3, 5.00, '2019-04-24 05:10:56', '2019-04-24 05:10:56'),
(23, 'sit', 'Ut harum vitae eos natus et accusantium blanditiis. Saepe ab distinctio esse ipsum. Optio saepe provident nam nulla. Blanditiis et sapiente porro deleniti.', 576.00, 7, 11.00, '2019-04-24 05:10:56', '2019-04-24 05:10:56'),
(24, 'aliquid', 'Ratione repudiandae nulla rem soluta repudiandae necessitatibus. Non blanditiis saepe quis qui consequuntur voluptatem. Quia similique deserunt et itaque molestiae nisi quo.', 127.00, 6, 22.00, '2019-04-24 05:10:56', '2019-04-24 05:10:56'),
(25, 'ut', 'Et sequi quae vel necessitatibus. Pariatur modi sunt sit doloribus numquam voluptatem adipisci quaerat. Culpa repellat similique molestiae et quibusdam dolor.', 83.00, 7, 35.00, '2019-04-24 05:10:56', '2019-04-24 05:10:56'),
(26, 'ratione', 'Quia maxime qui expedita ut praesentium recusandae explicabo. Nulla sed incidunt non. Nihil autem et unde sit adipisci.', 249.00, 8, 8.00, '2019-04-24 05:10:56', '2019-04-24 05:10:56'),
(27, 'qui', 'Aut vel pariatur et impedit. Quia aspernatur similique veniam ipsa perferendis laborum. Ut et qui non. Sunt et dolor repellat at.', 976.00, 9, 35.00, '2019-04-24 05:10:56', '2019-04-24 05:10:56'),
(28, 'quis', 'Debitis necessitatibus ex ipsum eligendi. In qui similique et reiciendis iusto. Ratione esse mollitia suscipit.', 548.00, 1, 32.00, '2019-04-24 05:10:56', '2019-04-24 05:10:56'),
(29, 'enim', 'Cum suscipit qui et iure. Et omnis non possimus.', 545.00, 3, 28.00, '2019-04-24 05:10:56', '2019-04-24 05:10:56'),
(30, 'odit', 'Quo rem molestiae quia sunt rerum. Non hic dolores assumenda vero veritatis voluptate. Assumenda aut sit expedita laboriosam.', 806.00, 5, 9.00, '2019-04-24 05:10:56', '2019-04-24 05:10:56'),
(31, 'velit', 'Autem aliquid cumque praesentium odio delectus omnis possimus ut. Sed rem nisi sit. Architecto et quis nemo est quo. Dignissimos voluptatibus ad enim ea ut.', 191.00, 1, 13.00, '2019-04-24 05:10:56', '2019-04-24 05:10:56'),
(32, 'consequuntur', 'Blanditiis nesciunt est vero quam aut sunt. Quia expedita a omnis ut possimus mollitia. Nam qui qui blanditiis blanditiis. Eum eius illo nihil temporibus magni consequuntur nostrum.', 640.00, 9, 30.00, '2019-04-24 05:10:56', '2019-04-24 05:10:56'),
(33, 'natus', 'Veniam unde accusamus harum alias labore fuga molestiae. Aliquid cupiditate sint laboriosam omnis. Quia illo maiores excepturi illo. Omnis quisquam possimus ipsa tempora.', 749.00, 9, 14.00, '2019-04-24 05:10:56', '2019-04-24 05:10:56'),
(34, 'exercitationem', 'Quia sunt atque illum iusto. Doloremque vel praesentium optio sunt. Sit necessitatibus mollitia perspiciatis pariatur eum laborum non. Eaque aspernatur labore voluptatem ratione error. Non quod dolore quo maxime debitis atque ea.', 499.00, 4, 31.00, '2019-04-24 05:10:56', '2019-04-24 05:10:56'),
(35, 'quam', 'Sit et sit unde aliquid qui. Animi facere nobis est id est. Fugiat enim et ea explicabo sapiente suscipit esse perspiciatis. Aut veritatis eum est ut dolor. Voluptas eligendi dolores possimus doloremque.', 880.00, 5, 18.00, '2019-04-24 05:10:56', '2019-04-24 05:10:56'),
(36, 'distinctio', 'Architecto sunt architecto omnis dicta. Exercitationem necessitatibus natus molestias ea illo non. Amet fugiat ut blanditiis. Dolorem optio molestiae accusamus fugiat ab autem.', 487.00, 5, 21.00, '2019-04-24 05:10:56', '2019-04-24 05:10:56'),
(37, 'et', 'Fugiat eos omnis non quasi tenetur occaecati nihil. Quod voluptatum cum culpa excepturi. Et ut omnis quae ducimus. Veritatis perspiciatis ea enim quos in.', 855.00, 9, 17.00, '2019-04-24 05:10:56', '2019-04-24 05:10:56'),
(38, 'voluptas', 'Voluptas placeat facere animi voluptatem qui vel. Non nemo voluptatem assumenda natus similique iure. A excepturi molestiae est laudantium quae. Possimus est dolorem atque est. Fuga qui placeat laborum veniam beatae.', 513.00, 0, 18.00, '2019-04-24 05:10:56', '2019-04-24 05:10:56'),
(39, 'quas', 'Voluptatum dolores quia et dolores. Eligendi optio repellat qui voluptatem error ea quo. Similique repellendus non in unde.', 556.00, 3, 8.00, '2019-04-24 05:10:56', '2019-04-24 05:10:56'),
(40, 'doloribus', 'Beatae sint ut id voluptas doloremque quo excepturi. Molestiae sint ab optio consequatur soluta. Expedita omnis sint exercitationem omnis laborum et. Blanditiis itaque porro reiciendis asperiores.', 874.00, 9, 2.00, '2019-04-24 05:10:56', '2019-04-24 05:10:56'),
(41, 'doloribus', 'Commodi saepe quia voluptatum aperiam non. Sunt ullam quidem dolor iure. Vero sint delectus perferendis nihil at consequatur. Rerum aspernatur quibusdam et.', 282.00, 0, 5.00, '2019-04-24 05:10:56', '2019-04-24 05:10:56'),
(42, 'quasi', 'Harum eligendi consequatur recusandae sed. Qui in voluptates deleniti ut. Porro error quod consequatur et nihil voluptas dolorem.', 932.00, 3, 35.00, '2019-04-24 05:10:56', '2019-04-24 05:10:56'),
(43, 'dolorem', 'In recusandae distinctio ut rem. Omnis hic voluptas sunt. Iure tempore qui ad fugiat nisi.', 50.00, 1, 38.00, '2019-04-24 05:10:56', '2019-04-24 05:10:56'),
(44, 'iste', 'Beatae sequi facere vel dolores maiores maxime. Amet pariatur dolorem aliquam et. Quos adipisci aut sed velit aut qui molestias.', 552.00, 5, 23.00, '2019-04-24 05:10:56', '2019-04-24 05:10:56'),
(45, 'natus', 'Culpa magni voluptas repudiandae tempora reiciendis dolore. Et quisquam ipsum soluta omnis architecto velit. Est qui ut ut eos. Quia deserunt voluptatibus numquam harum sed.', 645.00, 8, 10.00, '2019-04-24 05:10:56', '2019-04-24 05:10:56'),
(46, 'veniam', 'Saepe iusto repellendus eos harum quis et qui dolore. Distinctio repudiandae commodi saepe. Sit inventore accusamus cupiditate voluptate architecto sit et.', 117.00, 4, 39.00, '2019-04-24 05:10:56', '2019-04-24 05:10:56'),
(47, 'occaecati', 'Ut sint quis id dolorem. Esse nemo animi deleniti enim eveniet possimus. Eaque nesciunt dolores repellendus sed nemo.', 298.00, 4, 13.00, '2019-04-24 05:10:56', '2019-04-24 05:10:56'),
(48, 'deleniti', 'Numquam nihil voluptas mollitia. Est id officiis sed pariatur incidunt qui assumenda perferendis. Iusto ex maiores ea. Aut deserunt quod quas voluptatem praesentium.', 683.00, 9, 3.00, '2019-04-24 05:10:56', '2019-04-24 05:10:56'),
(49, 'aliquam', 'Eos adipisci dolores et velit ut. Eum qui velit nemo ullam ducimus enim et totam.', 300.00, 6, 6.00, '2019-04-24 05:10:56', '2019-04-24 05:10:56'),
(50, 'nisi', 'Rem dolor qui corrupti. Delectus eligendi totam eum ad a laboriosam.', 916.00, 9, 25.00, '2019-04-24 05:10:56', '2019-04-24 05:10:56');

-- --------------------------------------------------------

--
-- Table structure for table `reviews`
--

DROP TABLE IF EXISTS `reviews`;
CREATE TABLE IF NOT EXISTS `reviews` (
  `id` bigint(20) UNSIGNED NOT NULL AUTO_INCREMENT,
  `product_id` int(10) UNSIGNED NOT NULL,
  `customer` varchar(100) COLLATE utf8mb4_unicode_ci NOT NULL,
  `review` text COLLATE utf8mb4_unicode_ci NOT NULL,
  `star` int(11) NOT NULL,
  `created_at` timestamp NULL DEFAULT NULL,
  `updated_at` timestamp NULL DEFAULT NULL,
  PRIMARY KEY (`id`),
  KEY `reviews_product_id_index` (`product_id`)
) ENGINE=MyISAM AUTO_INCREMENT=301 DEFAULT CHARSET=utf8mb4 COLLATE=utf8mb4_unicode_ci;

--
-- Dumping data for table `reviews`
--

INSERT INTO `reviews` (`id`, `product_id`, `customer`, `review`, `star`, `created_at`, `updated_at`) VALUES
(1, 31, 'Stuart Morar DVM', 'Aut corporis praesentium minus saepe porro aut. Aperiam autem corrupti rerum voluptatum. Ut commodi nihil nulla maxime fuga voluptatem. Sed a neque ut et voluptas.', 1, '2019-04-24 05:10:58', '2019-04-24 05:10:58'),
(2, 36, 'Oleta Robel', 'In voluptas recusandae sit nisi laudantium libero. Ut qui praesentium ut quo. Nemo est eum doloremque.', 4, '2019-04-24 05:10:58', '2019-04-24 05:10:58'),
(3, 27, 'Mrs. Mozell Lebsack DVM', 'Cum voluptate dolor aut aut eum quibusdam odit. Voluptates rem libero omnis quia facere minima aliquid. Aut facere dicta animi sit dignissimos. Voluptatum fugiat doloremque cumque nisi culpa et aut.', 1, '2019-04-24 05:10:58', '2019-04-24 05:10:58'),
(4, 38, 'Lelia Harris', 'Amet illo corrupti impedit. Similique voluptatem et nesciunt. Ad est et assumenda dignissimos sed.', 4, '2019-04-24 05:10:58', '2019-04-24 05:10:58'),
(5, 45, 'Mr. Gayle Pagac', 'Reiciendis voluptates facilis praesentium voluptatem illo eos. Dolor aut fugit quos maiores. Ipsa aut perferendis pariatur ipsam labore adipisci.', 4, '2019-04-24 05:10:58', '2019-04-24 05:10:58'),
(6, 11, 'Karl Bergnaum', 'Libero asperiores sed tenetur. Possimus ullam aut et excepturi nesciunt illum.', 2, '2019-04-24 05:10:58', '2019-04-24 05:10:58'),
(7, 44, 'Jamey Cummings', 'Ipsum consequatur nihil deserunt soluta. Eos numquam ab ducimus quos recusandae. At quas aperiam maiores nam.', 0, '2019-04-24 05:10:58', '2019-04-24 05:10:58'),
(8, 40, 'Prof. Tanner Paucek I', 'Rerum ut et sint sint quibusdam. Est omnis provident maiores eos. Incidunt molestiae architecto est distinctio explicabo error magnam.', 3, '2019-04-24 05:10:58', '2019-04-24 05:10:58'),
(9, 26, 'Alexandra Zboncak', 'Iste et quia quo et veniam perspiciatis. Quis distinctio aut enim et quibusdam maiores deserunt. Perspiciatis dolorem non at sapiente accusantium error voluptas.', 0, '2019-04-24 05:10:58', '2019-04-24 05:10:58'),
(10, 8, 'Marge Orn', 'Qui similique odit aut unde. Aut eaque atque dolorum quia. Dolorem odio commodi dolore et. Quis rerum incidunt perferendis aut voluptatum nisi doloribus.', 4, '2019-04-24 05:10:58', '2019-04-24 05:10:58'),
(11, 26, 'Fletcher Bechtelar', 'Quis voluptatem iusto sed aut vel. Inventore quas nesciunt aut necessitatibus et. Doloremque illo facere ipsum cumque rerum esse non consectetur.', 1, '2019-04-24 05:10:58', '2019-04-24 05:10:58'),
(12, 14, 'Kellie Wilkinson I', 'Dolore qui illo culpa quis necessitatibus sapiente officiis. Animi in asperiores possimus laborum aut voluptatem. Dolorem at consequatur voluptas dolorum maiores ducimus. Eveniet inventore ex et vel aliquid ea.', 1, '2019-04-24 05:10:58', '2019-04-24 05:10:58'),
(13, 46, 'Carissa Blick', 'Facilis molestiae in magni officiis aspernatur dolor. Nihil ullam eos expedita omnis nulla. Aspernatur enim est sit in.', 1, '2019-04-24 05:10:58', '2019-04-24 05:10:58'),
(14, 5, 'Miss Maymie Bauch PhD', 'Vero aut voluptas et explicabo recusandae magni quae. Et ullam sequi quibusdam veritatis voluptatum tempore voluptates. Ipsum cum culpa totam ducimus est.', 2, '2019-04-24 05:10:58', '2019-04-24 05:10:58'),
(15, 38, 'Prof. Virgie Haley Sr.', 'Sed asperiores reiciendis praesentium explicabo qui sit explicabo. Vel non mollitia facere laboriosam. Illo recusandae sunt possimus odio error.', 3, '2019-04-24 05:10:58', '2019-04-24 05:10:58'),
(16, 19, 'Meghan Bahringer', 'Voluptatem aspernatur perferendis sit architecto dolorem ut commodi sunt. Rerum doloribus dignissimos inventore doloremque in. Voluptate voluptatum aut ducimus a. Eligendi accusamus officia omnis incidunt.', 1, '2019-04-24 05:10:58', '2019-04-24 05:10:58'),
(17, 47, 'Francisca Nicolas Jr.', 'Exercitationem possimus ut est distinctio. Aut aut et et voluptatem. Distinctio occaecati alias id repellat non ducimus est.', 3, '2019-04-24 05:10:58', '2019-04-24 05:10:58'),
(18, 27, 'Prof. Dalton Rempel III', 'Qui nostrum unde et voluptate. Qui consectetur iusto sequi aut officiis et. Nemo explicabo et nam perspiciatis illum dolor. Ab in quas voluptas quidem minima. Officiis nihil aut vel quidem.', 0, '2019-04-24 05:10:58', '2019-04-24 05:10:58'),
(19, 25, 'Anabelle Connelly II', 'Sit et provident minus est sequi. Quia qui occaecati nobis qui. Beatae blanditiis natus voluptatem ut similique aut aut. Eveniet et velit placeat.', 4, '2019-04-24 05:10:58', '2019-04-24 05:10:58'),
(20, 25, 'Ian Wilkinson', 'Ipsam itaque suscipit veritatis at. Qui iste quia et. Sint in sunt est magnam autem. Tempore laborum possimus impedit et sapiente vel.', 3, '2019-04-24 05:10:58', '2019-04-24 05:10:58'),
(21, 39, 'Mr. Herman King V', 'Officia blanditiis fugiat nemo magni. Distinctio corrupti deleniti aperiam. Fugit nostrum iure deleniti sit dolore non aliquam. Velit quis nihil at animi consectetur.', 3, '2019-04-24 05:10:58', '2019-04-24 05:10:58'),
(22, 40, 'Trevion Douglas', 'A veritatis culpa laboriosam. Alias in quia dolor quis id. In incidunt rerum nesciunt repellat laudantium et dolorem. Cum iure explicabo ratione non quia doloribus.', 2, '2019-04-24 05:10:58', '2019-04-24 05:10:58'),
(23, 24, 'Dr. Pietro Bergnaum', 'Consequatur quis est ipsa voluptatibus. Libero mollitia exercitationem sed nesciunt est.', 1, '2019-04-24 05:10:58', '2019-04-24 05:10:58'),
(24, 32, 'Judy Cruickshank', 'Voluptas ad qui velit vero iusto corrupti autem. Voluptates est reprehenderit corporis esse autem aut et eligendi. Veritatis animi aliquid magni voluptatem repellat. Voluptas et quia pariatur in.', 2, '2019-04-24 05:10:58', '2019-04-24 05:10:58'),
(25, 3, 'Betsy Bartell', 'Enim quisquam sit totam eligendi maiores. Similique dolorem reiciendis explicabo id vel ea.', 3, '2019-04-24 05:10:58', '2019-04-24 05:10:58'),
(26, 2, 'Cesar Hagenes', 'Distinctio labore aperiam soluta. Est adipisci nemo voluptatem voluptatem nulla earum est. Est quos rerum sint dolorem.', 3, '2019-04-24 05:10:58', '2019-04-24 05:10:58'),
(27, 24, 'Alfonso Lockman', 'Non ut ab quia non enim. Aut consequatur voluptatibus fugiat dolores quod natus voluptas porro. Possimus eum iste inventore vel ut. Velit eaque est adipisci hic id rerum laborum.', 4, '2019-04-24 05:10:58', '2019-04-24 05:10:58'),
(28, 23, 'Danika Quitzon', 'Harum earum est ullam aspernatur enim quia ullam quis. Perspiciatis consectetur eum velit repellendus delectus ipsum.', 3, '2019-04-24 05:10:58', '2019-04-24 05:10:58'),
(29, 49, 'Eldora Willms', 'Natus iusto quis quam. Nulla accusamus sapiente ea delectus et nemo. Sit et accusamus et cupiditate id. Velit voluptas ipsum ea consequatur.', 0, '2019-04-24 05:10:58', '2019-04-24 05:10:58'),
(30, 4, 'Miss Gilda Durgan', 'Nam et nam repellat exercitationem molestiae vel. Et voluptas ut et quisquam ipsa eum. Laboriosam totam repellendus et repellendus a porro soluta. Aperiam cupiditate molestiae cupiditate libero omnis quia ea.', 4, '2019-04-24 05:10:58', '2019-04-24 05:10:58'),
(31, 37, 'Miss Elenora Mante', 'Neque sint eos occaecati corrupti quidem laboriosam assumenda. Beatae iure expedita eius eius saepe sit pariatur. Omnis mollitia enim vel explicabo.', 4, '2019-04-24 05:10:58', '2019-04-24 05:10:58'),
(32, 43, 'Kristoffer Thompson', 'Corrupti eum quo odit. Perspiciatis sed autem rerum quibusdam. Quibusdam temporibus quos minima cum tempore optio et. Rerum quia quo recusandae fugiat qui sed sint.', 0, '2019-04-24 05:10:58', '2019-04-24 05:10:58'),
(33, 28, 'Camilla Murphy', 'Rem eaque sequi aut rerum omnis aliquam cumque. Aut facere quisquam ut hic eos inventore beatae. Eos rerum qui qui dolorem quisquam.', 1, '2019-04-24 05:10:58', '2019-04-24 05:10:58'),
(34, 11, 'Lempi Muller', 'Quis tempora porro dicta exercitationem sit eius animi sunt. Aut dicta et perspiciatis sit explicabo ea. Perferendis ut ad et voluptatem molestiae voluptas.', 1, '2019-04-24 05:10:58', '2019-04-24 05:10:58'),
(35, 47, 'Shanel Bernier', 'Quis in quasi sed error minus qui. Repellat est vitae consequatur culpa tempora ipsam. Omnis eligendi nemo blanditiis velit ut.', 1, '2019-04-24 05:10:58', '2019-04-24 05:10:58'),
(36, 45, 'Prof. Tyrell Ward DVM', 'Earum et itaque impedit. Aliquid ab atque impedit nihil. Quod et voluptatem tempora quidem. Excepturi quas sequi in autem facilis.', 3, '2019-04-24 05:10:58', '2019-04-24 05:10:58'),
(37, 32, 'Tyreek Herman', 'Sed voluptatem delectus culpa ea. Nostrum enim rerum voluptatibus aut. Quam omnis culpa enim eius ut et. Debitis non consequatur eius. Perferendis velit cum qui accusamus itaque.', 0, '2019-04-24 05:10:58', '2019-04-24 05:10:58'),
(38, 36, 'Bertrand Wiegand', 'Iusto qui exercitationem ut eos ut veniam veritatis. Ex corrupti impedit ex ea porro sit voluptatum quae. Magni est occaecati provident quam illo. Ad impedit quasi eos.', 4, '2019-04-24 05:10:58', '2019-04-24 05:10:58'),
(39, 11, 'Mr. Donato Spencer', 'Veniam est earum consequatur consectetur sunt. Eum aut aut et dolor porro nihil non. Facere dolorum odio in. Et qui autem sint itaque et.', 5, '2019-04-24 05:10:58', '2019-04-24 05:10:58'),
(40, 49, 'Terrell Waters', 'Veritatis iure iusto sit consequatur omnis. Quis magnam voluptatum repellat ad deleniti autem facere. Molestias ducimus perferendis exercitationem enim impedit voluptas iusto. Fuga accusamus ut laborum ut.', 2, '2019-04-24 05:10:58', '2019-04-24 05:10:58'),
(41, 35, 'Kaitlin Gutmann', 'Voluptas quia fugiat accusantium pariatur. Quaerat vel perferendis expedita non culpa. Et placeat nesciunt nesciunt beatae amet. Nihil corporis harum eligendi voluptatem.', 3, '2019-04-24 05:10:58', '2019-04-24 05:10:58'),
(42, 21, 'Jailyn Reichert', 'Est enim quo non id sit temporibus. Cupiditate et dolor nihil doloremque. Magni aut in repudiandae non animi nihil excepturi. Blanditiis ipsa optio quia. Voluptatem ea vero labore odio reprehenderit.', 4, '2019-04-24 05:10:58', '2019-04-24 05:10:58'),
(43, 42, 'Miss Malvina Abbott', 'Asperiores tempora est corrupti velit officia quo. Ullam aliquid tempora animi unde modi. Aspernatur neque quisquam quas rem.', 5, '2019-04-24 05:10:58', '2019-04-24 05:10:58'),
(44, 10, 'Melvin Kirlin', 'Quisquam molestias et nam ducimus ut ipsum. Et sint similique sed magnam eos. Aut cumque culpa sed non at nam. Molestias quos minus quia aut vitae illum molestias sed.', 5, '2019-04-24 05:10:58', '2019-04-24 05:10:58'),
(45, 40, 'Davon Pfeffer', 'Numquam cum expedita earum eum. Esse et reiciendis et quod corrupti voluptatum. Qui suscipit tempora aliquam facilis molestiae.', 5, '2019-04-24 05:10:58', '2019-04-24 05:10:58'),
(46, 36, 'Russ Stroman', 'Nam asperiores hic qui. Adipisci earum cum illum consequatur veniam sed explicabo. Facilis est ex voluptatem.', 3, '2019-04-24 05:10:58', '2019-04-24 05:10:58'),
(47, 47, 'Prof. Lolita Denesik', 'Id numquam incidunt dolorum in ea nihil voluptates. Similique quisquam autem fuga voluptatem. In alias vel qui ut aliquid nobis libero. Eius aut sapiente sapiente enim in iure provident est.', 1, '2019-04-24 05:10:58', '2019-04-24 05:10:58'),
(48, 6, 'Dulce Douglas', 'Iure omnis quos minus in et. Et repellendus atque ducimus explicabo inventore fuga. Cumque molestias explicabo quisquam omnis molestiae exercitationem.', 2, '2019-04-24 05:10:58', '2019-04-24 05:10:58'),
(49, 33, 'Mr. Angelo Barrows', 'Libero excepturi dolorem sint mollitia eveniet quo cupiditate. Fugiat voluptate ut nihil vitae. Architecto consequuntur quia sunt quo. Doloribus ducimus officia sunt quaerat enim vel excepturi nostrum.', 3, '2019-04-24 05:10:58', '2019-04-24 05:10:58'),
(50, 33, 'Ella Bartell Jr.', 'Numquam dolores et recusandae quis. Illo consequatur optio alias qui vel quia. Et sequi totam accusamus modi totam voluptatem.', 1, '2019-04-24 05:10:58', '2019-04-24 05:10:58'),
(51, 31, 'Nigel Hammes', 'Architecto accusantium inventore accusantium. Cumque qui quia veniam nam non itaque. Labore labore nulla ad corrupti. Qui quas ut quisquam reiciendis eos impedit est accusamus.', 5, '2019-04-24 05:10:58', '2019-04-24 05:10:58'),
(52, 1, 'Francesca Upton', 'Aspernatur excepturi officiis perspiciatis ullam veniam. Aperiam sint molestiae neque eum amet et eaque. Nobis corrupti in unde quo omnis.', 3, '2019-04-24 05:10:58', '2019-04-24 05:10:58'),
(53, 47, 'Bryana Kertzmann', 'Ab aut sit rem nemo dolore. Repudiandae possimus velit animi dolorum. Praesentium accusantium veniam esse. Voluptatem temporibus unde nihil distinctio mollitia.', 0, '2019-04-24 05:10:58', '2019-04-24 05:10:58'),
(54, 26, 'Toby Hill', 'Quia porro sequi error aperiam. Quos sed et nihil et. Maiores incidunt voluptas natus.', 3, '2019-04-24 05:10:58', '2019-04-24 05:10:58'),
(55, 19, 'Estelle Haley', 'Dolores illum rerum fugit voluptas tenetur facere. Et odio molestias esse. Qui illum perspiciatis omnis consequatur reprehenderit. Corporis nisi non repudiandae officiis eveniet amet at.', 3, '2019-04-24 05:10:58', '2019-04-24 05:10:58'),
(56, 22, 'Dr. Cordelia Pagac', 'Quia velit ut ut commodi omnis qui rerum. Ut facere laboriosam nisi et. Nihil sunt vero rem ea molestiae rerum. Et officiis culpa esse.', 5, '2019-04-24 05:10:58', '2019-04-24 05:10:58'),
(57, 26, 'Tessie McCullough', 'Quia perspiciatis et cumque doloremque sit qui est qui. Assumenda qui accusantium eius corrupti atque nostrum. Voluptatum beatae voluptatem officia illo ipsa inventore.', 4, '2019-04-24 05:10:58', '2019-04-24 05:10:58'),
(58, 38, 'Dr. Christa Gusikowski', 'Nihil rerum omnis nobis odio minus est. Aut nisi sit eius velit. Quidem a illo officiis dignissimos quia incidunt et. Odit rem qui qui natus cupiditate.', 4, '2019-04-24 05:10:58', '2019-04-24 05:10:58'),
(59, 6, 'Alvis Crist', 'Aut cum dolore aut dicta provident pariatur vitae. Quod quae et tempore. Deleniti eos provident aut ipsam eaque. Pariatur voluptas mollitia dolorem quo saepe quia pariatur facilis.', 0, '2019-04-24 05:10:58', '2019-04-24 05:10:58'),
(60, 19, 'Katlynn Welch', 'Facere voluptas omnis velit qui eligendi enim nesciunt. Quae officiis totam veritatis molestiae. Tempora aliquam perferendis natus sint accusantium provident ut.', 2, '2019-04-24 05:10:58', '2019-04-24 05:10:58'),
(61, 14, 'Mr. Anastacio Treutel V', 'Rem atque fugit voluptatem blanditiis qui sequi nihil. Et doloremque ab quasi officia nisi. Quia et similique odio. Velit ipsum ipsam explicabo velit id.', 3, '2019-04-24 05:10:58', '2019-04-24 05:10:58'),
(62, 33, 'Estella Wilkinson', 'Eius vitae qui cumque eaque nihil et. Consequatur similique ex ullam nulla sapiente. Et distinctio cumque non.', 3, '2019-04-24 05:10:58', '2019-04-24 05:10:58'),
(63, 31, 'Abigale Abernathy', 'Sed vel quaerat nulla officia eaque totam et. Ducimus eaque in magni nesciunt ut.', 1, '2019-04-24 05:10:58', '2019-04-24 05:10:58'),
(64, 49, 'Dr. Daron Lueilwitz', 'Inventore illo libero eum. Voluptatum rerum reiciendis sed unde. Ut minus veritatis sed sed qui quos commodi. Sed et doloribus officia quia dolore.', 1, '2019-04-24 05:10:58', '2019-04-24 05:10:58'),
(65, 43, 'Ms. Jacinthe Schimmel PhD', 'Atque dolores repellat reiciendis ipsa vero et. Molestiae quam facilis rerum iste. Quod ea et et possimus voluptas dolores. Inventore aut accusamus deserunt atque quia.', 3, '2019-04-24 05:10:58', '2019-04-24 05:10:58'),
(66, 4, 'Dr. Maye Lindgren DDS', 'Non iure corporis est saepe. Enim ad nisi cupiditate occaecati repudiandae voluptas. Quo cumque sunt nam voluptas voluptatem ut.', 4, '2019-04-24 05:10:58', '2019-04-24 05:10:58'),
(67, 50, 'Ms. Susie Lesch DDS', 'Aut velit dignissimos est optio. Quia consequatur et dolorum recusandae aperiam qui dolorem.', 2, '2019-04-24 05:10:58', '2019-04-24 05:10:58'),
(68, 14, 'Josianne Kohler', 'Sed minus itaque commodi. Sequi ut rerum natus neque fuga. Consequatur doloribus consequuntur cumque quasi. Rerum nihil numquam odit omnis.', 5, '2019-04-24 05:10:58', '2019-04-24 05:10:58'),
(69, 47, 'Belle Hessel Jr.', 'Repudiandae dolores temporibus et ex commodi aut magnam. Voluptatem officia quo recusandae quod. Delectus modi odit reprehenderit consectetur. Totam temporibus voluptate ea ullam id cum.', 0, '2019-04-24 05:10:58', '2019-04-24 05:10:58'),
(70, 28, 'Mr. Erling Lowe I', 'Voluptatem deserunt mollitia iusto est qui aut. Porro rerum dolore est ex. Perferendis nulla assumenda error eveniet. Aut ea exercitationem quas quibusdam repellendus. Officiis et vero animi et.', 3, '2019-04-24 05:10:58', '2019-04-24 05:10:58'),
(71, 4, 'Shanon Schultz', 'Ducimus expedita repellendus perferendis quaerat. Temporibus totam facilis voluptates repudiandae quas dolores. Eum et labore nihil est facere tempore eveniet.', 4, '2019-04-24 05:10:58', '2019-04-24 05:10:58'),
(72, 30, 'Theodore DuBuque IV', 'Voluptas at cumque nostrum dolorum culpa est. Similique quisquam ut reprehenderit corrupti et. Doloremque culpa est tenetur quia.', 1, '2019-04-24 05:10:58', '2019-04-24 05:10:58'),
(73, 49, 'Miss Liliana Cummerata', 'Doloribus repellat et qui quo sint non omnis. Ipsum consectetur fugiat cumque culpa a minima. Dolor commodi et facilis a assumenda.', 3, '2019-04-24 05:10:58', '2019-04-24 05:10:58'),
(74, 11, 'Ally Armstrong', 'Porro ipsam voluptates ipsum porro quia. Rerum sit inventore et harum. Reprehenderit ducimus molestias dolorum eveniet porro dolorem. Non ea odio rerum dolore esse.', 3, '2019-04-24 05:10:58', '2019-04-24 05:10:58'),
(75, 46, 'Willard Ryan', 'Dolor deserunt sit corporis itaque doloremque optio sunt. Iure assumenda sint consequatur numquam distinctio debitis. Non incidunt possimus consequuntur blanditiis.', 1, '2019-04-24 05:10:58', '2019-04-24 05:10:58'),
(76, 31, 'Cali Gutkowski Jr.', 'Voluptas quo accusantium et corrupti ullam autem qui sed. Ad rerum molestiae et labore amet. Consequatur et voluptas ut iusto omnis. Deleniti commodi sed delectus id perferendis ea dicta.', 4, '2019-04-24 05:10:58', '2019-04-24 05:10:58'),
(77, 44, 'Cleve Boyle', 'Minima consequatur dicta nesciunt illo nulla fugit enim. Illo rerum nisi sit dignissimos fugit ad. Et recusandae consequatur ullam vel consequatur omnis.', 3, '2019-04-24 05:10:58', '2019-04-24 05:10:58'),
(78, 26, 'Alva Johns', 'Numquam beatae rerum deserunt aut blanditiis aut. Et et unde quos veniam fugit.', 2, '2019-04-24 05:10:58', '2019-04-24 05:10:58'),
(79, 38, 'Porter Witting', 'Ad rerum reiciendis dolor. Dignissimos voluptas amet dicta explicabo. Aut perferendis illo expedita eum qui mollitia est omnis.', 3, '2019-04-24 05:10:58', '2019-04-24 05:10:58'),
(80, 25, 'Nathanial Hodkiewicz', 'Architecto vel voluptate ut expedita qui illo. Rerum ea consequatur quo vitae ipsum consequatur tenetur. Dolor odio aliquam fuga. Similique omnis laborum consectetur incidunt. Ut voluptas dicta molestias et.', 3, '2019-04-24 05:10:58', '2019-04-24 05:10:58'),
(81, 3, 'Connie Dickinson', 'Ut voluptatem officia blanditiis fuga eos voluptates. Explicabo hic ut quas ratione eveniet. Asperiores error inventore deleniti velit est.', 3, '2019-04-24 05:10:58', '2019-04-24 05:10:58'),
(82, 35, 'Eudora Collier', 'Fuga voluptates et et et est id mollitia cupiditate. Id dolorem voluptates reiciendis incidunt illum a. Rerum qui omnis blanditiis veritatis voluptatibus quas. Harum recusandae voluptate sint explicabo.', 0, '2019-04-24 05:10:58', '2019-04-24 05:10:58'),
(83, 47, 'Cayla Rohan', 'Est numquam facere veniam tempore et. Deserunt vero laboriosam ducimus eaque perspiciatis sed. Quam quod qui commodi dolores rerum. Cum minima harum consectetur numquam minima numquam voluptatem dolorem.', 2, '2019-04-24 05:10:58', '2019-04-24 05:10:58'),
(84, 34, 'Laney Upton', 'Accusamus voluptatibus fuga distinctio. Accusamus voluptatum aliquam eveniet dignissimos accusamus libero rerum. Libero aperiam sapiente ratione debitis accusamus culpa.', 2, '2019-04-24 05:10:58', '2019-04-24 05:10:58'),
(85, 12, 'Geoffrey Ortiz', 'Nihil fugiat assumenda doloremque aut alias odit corrupti. Ea autem vel qui fugit veniam. Ut ea illum perspiciatis ullam sed.', 3, '2019-04-24 05:10:58', '2019-04-24 05:10:58'),
(86, 44, 'Nickolas Schulist', 'Occaecati aliquid nemo et iusto similique sunt cumque. Distinctio placeat repudiandae recusandae saepe. Consequatur et assumenda est. Libero quia est eum.', 1, '2019-04-24 05:10:58', '2019-04-24 05:10:58'),
(87, 49, 'Sonia Ryan Sr.', 'Aperiam fuga enim tempore at natus velit pariatur. Ut consectetur beatae vero minima aperiam et aliquid voluptatum.', 2, '2019-04-24 05:10:58', '2019-04-24 05:10:58'),
(88, 22, 'Minerva Beahan', 'Odit quia beatae cum id. Mollitia recusandae voluptatem explicabo ipsa. Ut consequuntur quaerat ut et quia laboriosam.', 3, '2019-04-24 05:10:58', '2019-04-24 05:10:58'),
(89, 6, 'Dr. Keith Walker Sr.', 'Accusantium id nobis voluptatibus natus ipsa nulla dolorum nesciunt. Perspiciatis aperiam reiciendis illo molestiae ut ut. Dolore quia saepe et est temporibus. Rerum sunt sapiente et temporibus at debitis.', 4, '2019-04-24 05:10:58', '2019-04-24 05:10:58'),
(90, 22, 'Prof. Kenya Pouros DVM', 'Dolor fugit laborum modi enim. Maxime perspiciatis odio maxime quasi. Molestiae dolore accusamus quisquam soluta et reiciendis. Aut aperiam dolor quisquam accusantium similique.', 1, '2019-04-24 05:10:58', '2019-04-24 05:10:58'),
(91, 42, 'Tate Friesen', 'Officiis aut quod dolores facere eius non. Sint dolore beatae odit consequuntur ab est. Tempore accusantium aliquid exercitationem quasi quis enim.', 1, '2019-04-24 05:10:58', '2019-04-24 05:10:58'),
(92, 1, 'Aditya Kiehn', 'Qui minima beatae delectus facilis similique est. Voluptatem cum laudantium rerum laborum.', 0, '2019-04-24 05:10:58', '2019-04-24 05:10:58'),
(93, 17, 'Carmen Monahan', 'Quo vero eaque sunt assumenda magni. Quia dolorem exercitationem illum vero illum. Architecto dicta nostrum molestiae. Quis sit fuga provident et est.', 5, '2019-04-24 05:10:58', '2019-04-24 05:10:58'),
(94, 49, 'Dr. Spencer Koelpin', 'Voluptas velit quis quos id ab. Reiciendis ipsa assumenda harum eum et sunt ipsa. Quasi et voluptatem et at illum.', 4, '2019-04-24 05:10:58', '2019-04-24 05:10:58'),
(95, 24, 'Ms. Joanie Marks MD', 'Natus atque ut dicta. Et atque veniam veritatis libero voluptatibus hic fugiat doloribus. Autem a temporibus eum aut et autem facilis.', 2, '2019-04-24 05:10:58', '2019-04-24 05:10:58'),
(96, 22, 'Prof. Lonny Ferry', 'Pariatur sit in eius. Vel distinctio quod molestiae et natus rem et.', 3, '2019-04-24 05:10:58', '2019-04-24 05:10:58'),
(97, 34, 'Clara Reichert', 'Minima nisi aut voluptas aut fuga. Animi velit molestiae rerum sint rerum consequatur eaque. Vel non ad aut corrupti. Voluptas ex dolor et deserunt consectetur dolorem explicabo consectetur.', 2, '2019-04-24 05:10:58', '2019-04-24 05:10:58'),
(98, 8, 'Miss Cierra Auer I', 'Non molestiae delectus accusamus eveniet. Quis quibusdam ab nostrum. Officiis quo aspernatur hic saepe repellendus omnis. Maxime ut nesciunt rerum illum ducimus.', 4, '2019-04-24 05:10:58', '2019-04-24 05:10:58'),
(99, 33, 'Michel Lubowitz III', 'Accusantium dolorem eligendi minima animi facilis. Similique quibusdam eum quibusdam facilis. Architecto culpa impedit quae in alias est. Natus et maxime quaerat.', 0, '2019-04-24 05:10:58', '2019-04-24 05:10:58'),
(100, 2, 'Alyson Brakus Jr.', 'Eligendi eos saepe aperiam et deleniti minus. Impedit nihil sit id atque ipsa. Ut consectetur repudiandae eos ratione nostrum corrupti cupiditate.', 1, '2019-04-24 05:10:58', '2019-04-24 05:10:58'),
(101, 46, 'Nelson Mitchell', 'Nemo rem dolore velit maiores inventore. Deserunt nam dolorem fugiat quisquam. Amet reprehenderit enim et in expedita earum et.', 3, '2019-04-24 05:10:58', '2019-04-24 05:10:58'),
(102, 3, 'Lyda Cartwright', 'Nostrum deserunt fugiat est omnis autem unde. Numquam natus quis similique vel qui. Consequatur delectus corporis sint.', 3, '2019-04-24 05:10:58', '2019-04-24 05:10:58'),
(103, 26, 'Felipa Schoen', 'Tempora voluptatem consectetur delectus architecto dolore vitae. Tempore itaque odit tempora ut voluptas quia repudiandae. Inventore voluptas est deserunt. Consequatur autem aut hic minima.', 2, '2019-04-24 05:10:58', '2019-04-24 05:10:58'),
(104, 42, 'Abelardo Bahringer', 'Eveniet quia dicta similique culpa aliquam sunt vitae. Enim et harum enim ipsum voluptatem ut qui enim. Suscipit earum qui est optio sed nemo.', 0, '2019-04-24 05:10:58', '2019-04-24 05:10:58'),
(105, 43, 'Luther Steuber', 'Velit id exercitationem quia. Iusto qui voluptatem vel fuga. Vel hic commodi aut voluptatum distinctio. Iusto ut asperiores natus cum.', 4, '2019-04-24 05:10:58', '2019-04-24 05:10:58'),
(106, 9, 'Mr. Zane Nienow III', 'Doloribus qui qui culpa repudiandae. Doloremque et praesentium beatae sit placeat. Accusamus est quo tempora repudiandae laudantium.', 1, '2019-04-24 05:10:58', '2019-04-24 05:10:58'),
(107, 50, 'Gilbert Goyette', 'Ad consequatur animi nihil architecto consequuntur deserunt quia. Natus non ea sed id corrupti eligendi. In doloremque et eligendi aut enim adipisci qui.', 1, '2019-04-24 05:10:58', '2019-04-24 05:10:58'),
(108, 33, 'Alysha Bechtelar', 'Accusantium cumque deserunt sint et fugit voluptate itaque eos. Necessitatibus nihil ullam omnis id itaque ea deserunt libero. Dolorem sequi quibusdam magnam quos enim aut nulla. Enim ut et quia ullam sit dolor.', 5, '2019-04-24 05:10:58', '2019-04-24 05:10:58'),
(109, 40, 'Harmon Dickens MD', 'Numquam consectetur voluptatem quae deserunt. Inventore iure vel voluptatem et. A tenetur eligendi repellat eum rerum cumque vero. Impedit dolor voluptatum nemo ea ex.', 3, '2019-04-24 05:10:58', '2019-04-24 05:10:58'),
(110, 10, 'Anna Lubowitz', 'Architecto et molestias quibusdam ut rerum id. Impedit delectus magnam occaecati et omnis non. Est velit rerum sint non velit. Tempora doloribus quas dignissimos aspernatur eum fuga.', 1, '2019-04-24 05:10:58', '2019-04-24 05:10:58'),
(111, 5, 'Dr. Quincy Strosin', 'Aut veniam odio laudantium neque ut deleniti. Quidem omnis sapiente voluptate a. Quasi est in ducimus et sed expedita. Praesentium natus tempora velit explicabo est.', 1, '2019-04-24 05:10:58', '2019-04-24 05:10:58'),
(112, 1, 'Mr. Ben Kihn', 'Incidunt harum assumenda nesciunt est aut harum velit consequuntur. Quod excepturi qui perferendis sapiente sequi. Laudantium et deserunt eaque et laborum enim sit.', 1, '2019-04-24 05:10:58', '2019-04-24 05:10:58'),
(113, 24, 'Prof. Virginie Kuphal Jr.', 'Praesentium architecto sed suscipit amet. Id saepe corrupti eveniet perspiciatis placeat et officia. Vel nihil eveniet ut dolor. Magnam ea earum deleniti atque.', 0, '2019-04-24 05:10:58', '2019-04-24 05:10:58'),
(114, 6, 'Demetris Borer', 'Omnis temporibus unde id at corrupti omnis suscipit omnis. Voluptates delectus aliquam occaecati quia non. Architecto et quod est soluta voluptatem nulla fugit. Voluptates perferendis ratione et sunt qui.', 3, '2019-04-24 05:10:58', '2019-04-24 05:10:58'),
(115, 36, 'Harrison Harber II', 'Nobis dolores corrupti autem iusto. Alias facilis consequatur quo doloremque. Est officia magnam itaque explicabo ducimus.', 0, '2019-04-24 05:10:58', '2019-04-24 05:10:58'),
(116, 36, 'Jackeline Greenfelder', 'Assumenda sed et nihil eligendi minus quod. Beatae sunt consectetur itaque tenetur error dolores sint. Vel distinctio sequi voluptatem quia.', 5, '2019-04-24 05:10:58', '2019-04-24 05:10:58'),
(117, 35, 'Magdalen Wisoky', 'Quibusdam rerum incidunt dolores maxime in qui quos. Qui est autem eius molestiae adipisci cumque sint.', 2, '2019-04-24 05:10:58', '2019-04-24 05:10:58'),
(118, 44, 'Mrs. Audreanne Schroeder', 'Officiis illum laborum iste et totam eos. Dignissimos occaecati ex sint id maiores dicta. Laboriosam placeat ut eveniet soluta reiciendis suscipit ullam.', 1, '2019-04-24 05:10:58', '2019-04-24 05:10:58'),
(119, 18, 'Carmella O\'Reilly', 'Vel autem debitis officiis consequatur necessitatibus sint. Dolore at ut dolor. Et deleniti est provident ducimus.', 2, '2019-04-24 05:10:58', '2019-04-24 05:10:58'),
(120, 3, 'Freeman Beahan', 'Porro est quia odit perspiciatis consequuntur enim iure. Dolore veniam ut quidem ut. Temporibus aliquid ut qui ut eos aliquam. Quo qui placeat facere soluta.', 3, '2019-04-24 05:10:58', '2019-04-24 05:10:58'),
(121, 16, 'Esther Auer', 'Consequatur itaque error eveniet eius aliquam odit occaecati aut. In velit est corrupti. Nemo voluptatibus voluptas cumque sapiente id aliquid omnis. Voluptatem dicta nostrum ipsum sunt quia ut nulla.', 0, '2019-04-24 05:10:58', '2019-04-24 05:10:58'),
(122, 3, 'Angelica D\'Amore', 'Veritatis sint animi quibusdam ipsa quod labore et. Illo et magnam sit ut iure.', 4, '2019-04-24 05:10:58', '2019-04-24 05:10:58'),
(123, 8, 'Nicholas Hoppe', 'Quam et aspernatur maxime aut sunt. Mollitia nam voluptate suscipit voluptas. Aut recusandae molestiae et odit voluptatem delectus. Ut qui voluptatibus qui dolorem architecto numquam autem.', 4, '2019-04-24 05:10:58', '2019-04-24 05:10:58'),
(124, 30, 'Pauline Goodwin', 'Et enim veniam cum voluptatem voluptatibus omnis. Quia voluptatem nesciunt maxime illum unde nemo aut.', 3, '2019-04-24 05:10:58', '2019-04-24 05:10:58'),
(125, 15, 'Jensen Halvorson', 'Distinctio et optio sunt a molestias fuga. Aliquam nesciunt ex eaque itaque molestiae est voluptatem occaecati. Illo ut ut doloribus perferendis velit.', 0, '2019-04-24 05:10:58', '2019-04-24 05:10:58'),
(126, 41, 'Ms. Adela Monahan', 'Ab eveniet expedita est omnis pariatur. Quo fuga et reprehenderit consectetur ullam.', 4, '2019-04-24 05:10:58', '2019-04-24 05:10:58'),
(127, 35, 'Daniela Bahringer', 'Molestias et quibusdam voluptatum architecto. Non in consequatur voluptas earum voluptatum labore expedita. Laboriosam voluptatum nesciunt repudiandae culpa a.', 2, '2019-04-24 05:10:58', '2019-04-24 05:10:58'),
(128, 16, 'Karelle Heathcote DVM', 'Distinctio ut totam aperiam voluptatem qui quaerat sit. Nostrum saepe non ad nihil qui aliquid. Voluptatem adipisci accusantium beatae atque. Aliquid porro quod est ea.', 1, '2019-04-24 05:10:58', '2019-04-24 05:10:58'),
(129, 1, 'Ms. Camila Stanton III', 'Et autem quia occaecati vitae recusandae ipsa. Ducimus dolor saepe fuga quaerat. Porro aperiam sunt et. Labore ut vel animi atque ab odit eaque.', 2, '2019-04-24 05:10:58', '2019-04-24 05:10:58'),
(130, 27, 'Germaine Becker', 'Non maxime quo et perferendis aut consequatur. Quas tempore error dolorem fugit atque quisquam. Omnis non quos dolore optio. Eaque et dolorem ad.', 5, '2019-04-24 05:10:58', '2019-04-24 05:10:58'),
(131, 49, 'Rodolfo Shanahan', 'Fugiat facere vel et labore maiores ut aperiam expedita. Error numquam adipisci eos quas. Et autem ut libero. Tempore vitae molestiae ut eos accusamus facilis qui rerum.', 4, '2019-04-24 05:10:58', '2019-04-24 05:10:58'),
(132, 45, 'Gilberto Harber', 'Dolores sint commodi nihil reprehenderit eveniet. Blanditiis quae similique in. Hic adipisci dicta est natus dolorem ad. Ducimus non necessitatibus aut voluptatem consectetur. Reiciendis quis qui accusantium nihil deleniti aut culpa non.', 1, '2019-04-24 05:10:58', '2019-04-24 05:10:58'),
(133, 33, 'Ms. Rosalyn Gutkowski', 'Voluptate maiores quia consequatur voluptate sit tempora. Corrupti voluptatem repellendus aut sint doloribus fugit. Officiis qui aut sed voluptatem ea ad. Amet earum tempore in ut necessitatibus nihil. Optio ex quisquam culpa ut repellendus placeat.', 3, '2019-04-24 05:10:58', '2019-04-24 05:10:58'),
(134, 28, 'Malika Volkman', 'Doloribus eligendi eius ducimus pariatur. Qui odit voluptatibus id sed aut. Enim excepturi ut minus qui ex ut laboriosam.', 4, '2019-04-24 05:10:58', '2019-04-24 05:10:58'),
(135, 23, 'Jade Schimmel', 'Reprehenderit earum occaecati et ducimus enim magni assumenda. Rerum suscipit eligendi nostrum velit qui eum qui. Ad sint pariatur consectetur. Nesciunt dolorum natus deleniti tempore eos et.', 5, '2019-04-24 05:10:58', '2019-04-24 05:10:58'),
(136, 38, 'Ron Boyle Sr.', 'Consequatur aliquam a asperiores aut unde et. In molestias saepe delectus quia laborum sint. Quod ad aut molestiae animi est.', 3, '2019-04-24 05:10:58', '2019-04-24 05:10:58'),
(137, 14, 'Dejuan Emard DVM', 'Cum et dolores fugiat aut sunt quo deleniti. Exercitationem dignissimos qui non distinctio enim. Laboriosam consequuntur harum eaque cumque esse exercitationem nisi a.', 2, '2019-04-24 05:10:58', '2019-04-24 05:10:58'),
(138, 44, 'Nash Hettinger DVM', 'Delectus ea molestiae quidem modi officia minus. Assumenda ab enim suscipit qui vero sit sint. Architecto fuga voluptatem itaque natus odit.', 3, '2019-04-24 05:10:58', '2019-04-24 05:10:58'),
(139, 12, 'Prof. Jarrett Rosenbaum DVM', 'Ipsam perspiciatis veritatis delectus voluptates nisi exercitationem. Quas corrupti qui cum quo quam dolor consectetur. Asperiores dolores aut ducimus velit praesentium voluptas sed. Aliquam mollitia nesciunt eos inventore recusandae iusto qui. Laborum modi natus magnam est dignissimos.', 3, '2019-04-24 05:10:58', '2019-04-24 05:10:58'),
(140, 2, 'Ken Schroeder Jr.', 'Ut eos ea et quam et eum. Non dolorem aut asperiores dolorem eveniet consequatur ea ut. Debitis occaecati vitae et qui optio nihil. In itaque rerum officia quia qui ab officia.', 5, '2019-04-24 05:10:58', '2019-04-24 05:10:58'),
(141, 37, 'Flavio Hermiston', 'Sit asperiores cupiditate repudiandae. Accusamus dolores perspiciatis corporis deleniti error. Voluptate quas quia optio est.', 5, '2019-04-24 05:10:58', '2019-04-24 05:10:58'),
(142, 39, 'Salvatore Purdy', 'Assumenda sunt quod assumenda voluptatibus voluptatem amet. Exercitationem ut autem quisquam consequatur temporibus. Aut consequatur maxime culpa voluptas maxime commodi. Vel velit enim excepturi. Nulla ut fugit sequi voluptatem nostrum ea aspernatur.', 1, '2019-04-24 05:10:58', '2019-04-24 05:10:58'),
(143, 34, 'Jasmin O\'Conner V', 'Dolorem itaque sed enim. Repudiandae ab sit molestias optio. Omnis quisquam aut reprehenderit nesciunt pariatur quaerat. Omnis iste ut dolores quia. At quia quos sequi doloremque voluptas dolor ad consequatur.', 0, '2019-04-24 05:10:58', '2019-04-24 05:10:58'),
(144, 14, 'Camille Krajcik', 'Ut veniam asperiores eius ut molestias voluptatem illum. Consequatur cumque et nisi et. Architecto enim error possimus in qui. Quia quisquam nihil eius quam voluptatem dolores.', 0, '2019-04-24 05:10:58', '2019-04-24 05:10:58'),
(145, 15, 'Erika Gusikowski IV', 'Sed modi sed qui voluptas officia. Corrupti deleniti numquam qui optio ut voluptate totam. Ipsam autem nisi similique asperiores. Reiciendis mollitia ad recusandae eum aut.', 2, '2019-04-24 05:10:58', '2019-04-24 05:10:58'),
(146, 43, 'Eliza Brekke', 'Magnam incidunt temporibus aut. Blanditiis vitae tenetur commodi quibusdam maxime. Et autem cupiditate quo corrupti excepturi omnis itaque. Consequatur quasi dolores odit delectus et consectetur fugiat.', 4, '2019-04-24 05:10:58', '2019-04-24 05:10:58'),
(147, 33, 'Prof. Bernhard Jast', 'Numquam illo cumque et odio tempora. Sed vel ullam sit voluptatem. Inventore dignissimos dolor voluptatem nihil quos. Doloremque quis in quia perferendis rerum. Laboriosam accusamus et aut voluptas id.', 0, '2019-04-24 05:10:58', '2019-04-24 05:10:58'),
(148, 31, 'Wilhelm Schultz', 'Et qui error porro praesentium eaque in. Libero quia numquam omnis officia temporibus et. Id error error magnam consequatur provident. Error inventore et esse ut nihil natus voluptatibus.', 0, '2019-04-24 05:10:58', '2019-04-24 05:10:58'),
(149, 4, 'Carlotta Ondricka', 'Sit enim voluptatem veritatis qui sit aut. Dolorem eos qui quis ipsa dolores suscipit distinctio. Ut qui ut voluptatem facilis necessitatibus quas. Iure reiciendis facere ut accusantium.', 5, '2019-04-24 05:10:59', '2019-04-24 05:10:59'),
(150, 21, 'Lula Stoltenberg', 'Quaerat ut animi voluptatum soluta nemo omnis magnam. Fugiat esse debitis rerum praesentium unde harum assumenda. Nam aut accusamus eaque ducimus voluptas.', 2, '2019-04-24 05:10:59', '2019-04-24 05:10:59'),
(151, 44, 'Mr. Finn Keeling', 'Adipisci quod rerum sit soluta praesentium vel quae. Nisi optio voluptatum fuga illum dignissimos reprehenderit quis.', 1, '2019-04-24 05:10:59', '2019-04-24 05:10:59'),
(152, 37, 'Mr. Milo West MD', 'Et molestias suscipit qui qui officia. Cupiditate autem accusamus harum minus aliquam necessitatibus nesciunt sit. Sed quod et nam laboriosam libero. Nostrum necessitatibus eligendi rerum repellat nam. Nobis et alias architecto nihil.', 3, '2019-04-24 05:10:59', '2019-04-24 05:10:59'),
(153, 2, 'Annamae Johns', 'Dicta qui officia qui totam in eligendi provident rerum. Animi perferendis ut eos nam eum totam. Deleniti sint rem et est aut magnam. At aperiam magni quisquam deserunt ea est. Fugit aperiam voluptas quidem voluptate ipsa provident sequi.', 2, '2019-04-24 05:10:59', '2019-04-24 05:10:59'),
(154, 33, 'Tressa Osinski', 'Doloremque consequuntur sapiente occaecati unde. Enim qui doloribus doloribus in ducimus natus. Qui praesentium tempora eveniet sequi nihil quos.', 3, '2019-04-24 05:10:59', '2019-04-24 05:10:59'),
(155, 17, 'Nicole Kautzer', 'Laudantium enim ipsum corporis ex nam velit natus. Excepturi aliquam totam sapiente et. Et harum praesentium quis a. Incidunt non ut omnis vero ullam omnis eos.', 5, '2019-04-24 05:10:59', '2019-04-24 05:10:59'),
(156, 6, 'Roel Dickinson', 'Placeat est culpa repellendus consequuntur a id ut. Ullam amet consequuntur hic tempora. Aspernatur iure quisquam id atque aut.', 1, '2019-04-24 05:10:59', '2019-04-24 05:10:59'),
(157, 6, 'Virgie Hagenes', 'Qui minus eos est illum. Officia mollitia doloremque recusandae est ab. Consequuntur ad voluptatem officiis est. At iste et aliquam. Maxime ut doloremque iste ab.', 5, '2019-04-24 05:10:59', '2019-04-24 05:10:59'),
(158, 31, 'Rosendo Hayes', 'Voluptatum amet autem commodi natus facilis. Id odio eaque reiciendis enim maxime sit. Ipsa officiis est sit omnis. Laboriosam enim maiores iste odio eligendi ea quis.', 2, '2019-04-24 05:10:59', '2019-04-24 05:10:59'),
(159, 22, 'Darby Wehner', 'Dolore dolor incidunt ipsum quisquam. Id qui dicta voluptatem. Ut quibusdam culpa eveniet maxime iste. Delectus quia et et.', 2, '2019-04-24 05:10:59', '2019-04-24 05:10:59'),
(160, 26, 'Dawn Fay', 'Suscipit dignissimos eos sunt dicta explicabo. Quis vel sed voluptatibus dolores eius id illum eaque. Doloremque cumque voluptatem ad velit vel. Ut sed sed sit ipsam animi voluptatem neque.', 2, '2019-04-24 05:10:59', '2019-04-24 05:10:59'),
(161, 17, 'Dr. Kailey Cremin Sr.', 'Reprehenderit ut qui dolores amet ducimus consequatur modi molestiae. Corporis error ut in. Eum laboriosam enim repudiandae occaecati tenetur tempora eius. Eos odio beatae atque et et quam.', 5, '2019-04-24 05:10:59', '2019-04-24 05:10:59'),
(162, 44, 'Winston Russel', 'Sit soluta ipsam sit quae beatae nobis. Velit in iste dolorem quos et. Aspernatur quam nihil ipsa cupiditate adipisci.', 5, '2019-04-24 05:10:59', '2019-04-24 05:10:59'),
(163, 15, 'Major Kutch', 'Totam ab cumque voluptates magnam. Reiciendis quasi magnam pariatur veniam enim quidem. Voluptas magni ea ad omnis velit et laboriosam nobis.', 2, '2019-04-24 05:10:59', '2019-04-24 05:10:59'),
(164, 44, 'Clifton Green', 'Quia sint voluptatem et quis dolor. Omnis deserunt ipsa voluptatibus voluptas ut omnis voluptatem. In accusantium aut blanditiis quae iure eum nihil. Impedit iure ea aut voluptatem laborum et alias corporis.', 4, '2019-04-24 05:10:59', '2019-04-24 05:10:59'),
(165, 46, 'Trudie Paucek', 'At in deleniti beatae fugiat eum vero illum. Itaque ratione numquam placeat doloremque qui. Hic cumque labore dolorem modi officia id autem. Labore quidem harum soluta placeat enim dignissimos sunt.', 5, '2019-04-24 05:10:59', '2019-04-24 05:10:59'),
(166, 16, 'Ms. Roslyn Baumbach DVM', 'Ex eum dolor fugit doloribus ipsam iste. Repellendus non et at officia ex commodi aut. Error in sunt consequuntur minus.', 3, '2019-04-24 05:10:59', '2019-04-24 05:10:59'),
(167, 28, 'Genevieve Pacocha', 'Tenetur sint esse voluptatem. Labore aut est quia omnis soluta. Dolor iusto impedit voluptatem dolorem omnis ullam autem exercitationem. Voluptatem quis aperiam provident.', 5, '2019-04-24 05:10:59', '2019-04-24 05:10:59'),
(168, 15, 'Gay Ledner', 'Ut aliquam ut sit dignissimos ipsam error dolorum. Ab autem architecto et laboriosam. Sit molestiae rerum ducimus autem quo debitis. Voluptatem ut eveniet quidem deserunt sapiente.', 2, '2019-04-24 05:10:59', '2019-04-24 05:10:59'),
(169, 9, 'Derick Huel', 'Unde ut neque amet sapiente. Consequatur voluptatem est ut quaerat et qui. Sit amet incidunt magnam dolore. Animi quam inventore fuga harum ut in.', 2, '2019-04-24 05:10:59', '2019-04-24 05:10:59'),
(170, 33, 'Dejon Gulgowski', 'Culpa nihil in alias natus doloribus veritatis. Labore doloremque et non fugit. Ea architecto et neque et velit. Qui aperiam praesentium autem voluptatem suscipit.', 1, '2019-04-24 05:10:59', '2019-04-24 05:10:59'),
(171, 17, 'Mr. Bryon Schmeler DDS', 'Ut ducimus est nesciunt laborum. Natus et officiis placeat sed aperiam nemo recusandae. Aut ut inventore dolorem voluptates sed maiores.', 2, '2019-04-24 05:10:59', '2019-04-24 05:10:59'),
(172, 40, 'Shayne Yundt', 'Dicta unde eum alias et ea id. Vel cupiditate voluptatem similique hic distinctio minima nemo. Commodi mollitia laboriosam animi vel sit ut et.', 5, '2019-04-24 05:10:59', '2019-04-24 05:10:59'),
(173, 28, 'Callie Ratke', 'Officia architecto ab cumque id. Cupiditate tempora autem ad nostrum numquam sapiente. Impedit repudiandae suscipit voluptatum inventore numquam animi. Reprehenderit et id deleniti possimus quia suscipit voluptatibus.', 3, '2019-04-24 05:10:59', '2019-04-24 05:10:59'),
(174, 49, 'Miss Zula Lang Jr.', 'Accusamus perferendis eos perferendis et nisi. Voluptates placeat harum qui at omnis hic. Debitis qui repellendus numquam neque enim doloribus suscipit. Nihil eos ullam ut est eaque nisi accusamus.', 3, '2019-04-24 05:10:59', '2019-04-24 05:10:59'),
(175, 39, 'Jaren Hickle', 'Ducimus blanditiis dolores mollitia voluptatem dolores veritatis consequuntur. Quos maxime corrupti consequatur quisquam alias quia iste. Optio laboriosam consequatur sunt amet dolores corporis. Quae illum soluta commodi reprehenderit est. Dignissimos voluptatum aut neque aut sit repellat.', 4, '2019-04-24 05:10:59', '2019-04-24 05:10:59'),
(176, 31, 'Cole Howell', 'Sapiente quia repudiandae harum ex illo eum sed. Recusandae magni accusantium eius quidem. Voluptas et aperiam pariatur commodi eum.', 2, '2019-04-24 05:10:59', '2019-04-24 05:10:59'),
(177, 12, 'Otha Lind DVM', 'Similique et quidem iste animi. Explicabo quasi cumque et voluptas vitae eligendi. Ut delectus dolorem nobis aut. Et aliquid quos qui commodi.', 3, '2019-04-24 05:10:59', '2019-04-24 05:10:59'),
(178, 49, 'Marcia Nader', 'Repellat qui quo commodi commodi similique assumenda ut ea. Doloribus quasi corrupti et itaque facilis minus. Soluta ut qui excepturi magnam labore. Non qui reiciendis maiores labore ipsam alias. Repellendus facilis in aut occaecati quaerat et.', 5, '2019-04-24 05:10:59', '2019-04-24 05:10:59'),
(179, 13, 'Ona Graham', 'Omnis odio ipsam ducimus qui et. Animi aut odit adipisci asperiores architecto commodi enim. Itaque voluptas sunt sapiente error. Quia minus fugit et dicta laborum.', 1, '2019-04-24 05:10:59', '2019-04-24 05:10:59'),
(180, 26, 'Guido Kutch', 'Sapiente qui nostrum rerum consequatur error quam ipsum veritatis. Sunt placeat iusto perspiciatis sit nihil explicabo. Voluptate quas eum vero neque ex recusandae libero.', 2, '2019-04-24 05:10:59', '2019-04-24 05:10:59'),
(181, 47, 'Vladimir Hagenes', 'Dolore exercitationem qui beatae consectetur. Non quaerat necessitatibus quis omnis nihil odit. Ipsa porro voluptatem qui non earum ex facilis.', 1, '2019-04-24 05:10:59', '2019-04-24 05:10:59'),
(182, 9, 'Vicente Weimann V', 'Non ipsa corrupti inventore dolorem sint ipsa quod maiores. Quidem aliquam omnis dignissimos fuga commodi. Similique numquam et et ex et consectetur. Accusantium hic sequi dolores illum tempora inventore qui.', 5, '2019-04-24 05:10:59', '2019-04-24 05:10:59'),
(183, 48, 'Lois Von', 'Molestiae deserunt blanditiis et doloremque magnam hic sunt numquam. Architecto rem vel facilis perferendis et vero.', 0, '2019-04-24 05:10:59', '2019-04-24 05:10:59'),
(184, 9, 'Darrick Marks', 'Repudiandae maiores excepturi odio maiores provident fugiat dolorum. Rem rerum praesentium animi enim molestiae. Dolor sed est nemo quia repudiandae assumenda est. Molestiae voluptatem qui quasi excepturi perferendis aut sit.', 1, '2019-04-24 05:10:59', '2019-04-24 05:10:59'),
(185, 15, 'Arno Douglas', 'Dolores molestias asperiores qui dolorem praesentium quo voluptas ut. Molestiae assumenda voluptates debitis corporis provident. Nulla at cum cupiditate saepe tempore. Et voluptatum nulla laborum eos.', 4, '2019-04-24 05:10:59', '2019-04-24 05:10:59'),
(186, 4, 'Prof. Jenifer Steuber', 'Placeat ut unde ducimus. Cupiditate ut vel qui consequatur deserunt qui sit. Cum veniam vero ut dolor modi cum. Rerum dolorem nobis voluptatum sequi ea dicta rem modi.', 1, '2019-04-24 05:10:59', '2019-04-24 05:10:59'),
(187, 19, 'Ms. Pearlie Cremin IV', 'Sit voluptas aut autem quisquam et voluptatem quisquam. Magni est illo consequatur ad laborum tempora enim. Similique voluptatum earum rem ratione quia. Ut rem laudantium tempora quos sunt eos.', 4, '2019-04-24 05:10:59', '2019-04-24 05:10:59'),
(188, 6, 'Prof. Joel O\'Reilly MD', 'Et accusamus expedita ullam. Tenetur itaque non cum animi voluptatem mollitia non nisi. Dolorem qui aperiam temporibus non reiciendis atque numquam.', 2, '2019-04-24 05:10:59', '2019-04-24 05:10:59'),
(189, 9, 'Michale Simonis', 'Tenetur et qui in perspiciatis. Sint voluptatibus aut doloribus et possimus aut est perferendis. Voluptas aut dolor sunt et.', 3, '2019-04-24 05:10:59', '2019-04-24 05:10:59'),
(190, 26, 'Marta Kirlin', 'Vel vitae accusamus distinctio repellendus. Dolorem voluptates nam voluptates iusto magnam voluptas et.', 0, '2019-04-24 05:10:59', '2019-04-24 05:10:59'),
(191, 31, 'Mr. Humberto Willms II', 'Est sed inventore in. Est dolores porro quisquam debitis ducimus. Officiis facere maxime ducimus deleniti sed. Libero sequi provident nostrum totam rerum.', 4, '2019-04-24 05:10:59', '2019-04-24 05:10:59'),
(192, 32, 'Kaitlin Tillman PhD', 'Expedita ullam corrupti inventore quia expedita. Quaerat ut a repudiandae omnis. Aut et excepturi ab repellat similique. Voluptas corporis et eos qui officia laudantium.', 2, '2019-04-24 05:10:59', '2019-04-24 05:10:59'),
(193, 20, 'Rosario Lesch', 'Omnis distinctio quia quis in. Labore id dignissimos velit aspernatur omnis iste veniam. Aut et dicta officiis commodi.', 2, '2019-04-24 05:10:59', '2019-04-24 05:10:59'),
(194, 47, 'Sheridan Sporer', 'Iste iusto aut ipsa. Veniam veritatis nemo consequuntur eligendi. Modi magnam quidem sit.', 2, '2019-04-24 05:10:59', '2019-04-24 05:10:59'),
(195, 30, 'Mrs. Ethelyn Ondricka IV', 'Sed similique sapiente voluptate molestiae quia beatae. Perferendis quidem deleniti maiores dolore eaque aut eius.', 0, '2019-04-24 05:10:59', '2019-04-24 05:10:59'),
(196, 30, 'Cleta Streich', 'Fuga autem quia sequi neque blanditiis. Magni laboriosam aut maxime. Doloremque beatae ipsum consequatur quaerat sint omnis. Atque animi architecto magni amet quos.', 4, '2019-04-24 05:10:59', '2019-04-24 05:10:59'),
(197, 5, 'Bethany Weimann', 'Id sequi nulla cum quia. Blanditiis voluptas et non ab nostrum occaecati. Vero tempore reprehenderit modi quo pariatur consequatur odit.', 0, '2019-04-24 05:10:59', '2019-04-24 05:10:59'),
(198, 31, 'Sam Rippin', 'Ea omnis assumenda ea pariatur. Nihil fugiat quas non distinctio enim alias. Iste laudantium quo minima tempora. Aliquam assumenda autem neque magni vitae dolores.', 5, '2019-04-24 05:10:59', '2019-04-24 05:10:59'),
(199, 7, 'Prof. Annetta Balistreri Jr.', 'Distinctio et corporis illo non officiis. Ab veritatis voluptatem et dolorem vitae. Consequatur odit porro veritatis velit voluptatem. Nihil laboriosam quo suscipit perspiciatis soluta.', 1, '2019-04-24 05:10:59', '2019-04-24 05:10:59'),
(200, 17, 'Cullen O\'Reilly', 'Et officiis aut modi facere incidunt repellendus. Ipsa aspernatur earum nostrum provident. Occaecati laudantium doloremque tempore soluta perferendis nam unde. Consequatur cupiditate quibusdam dolore impedit.', 2, '2019-04-24 05:10:59', '2019-04-24 05:10:59'),
(201, 3, 'Jaclyn Anderson', 'Quia natus id nihil laboriosam. Sint rerum quaerat vero aut delectus ad.', 1, '2019-04-24 05:10:59', '2019-04-24 05:10:59'),
(202, 19, 'Opal Hoppe', 'Eos fugit non non. Consectetur quis velit ut dignissimos nesciunt assumenda sed. Non fugiat quod doloremque voluptatem.', 2, '2019-04-24 05:10:59', '2019-04-24 05:10:59'),
(203, 45, 'Vivien Emard', 'Id est sunt amet ex. Molestiae iste pariatur voluptatem error voluptatem corporis reiciendis est. Nemo consequatur perspiciatis quia.', 4, '2019-04-24 05:10:59', '2019-04-24 05:10:59'),
(204, 24, 'Prof. Melba Hammes III', 'Sit et sint rerum et. Iure assumenda rem ut velit. Quaerat qui iure ex reiciendis occaecati et.', 2, '2019-04-24 05:10:59', '2019-04-24 05:10:59'),
(205, 45, 'Elvie Huels', 'Aut odit eligendi quod ipsum. A nisi enim quasi distinctio.', 5, '2019-04-24 05:10:59', '2019-04-24 05:10:59'),
(206, 39, 'Caleigh Barton', 'Nihil iste assumenda harum similique consequatur ex molestias. Deserunt eligendi consequatur repellat ipsam eum velit hic. Officiis non ducimus ea neque.', 0, '2019-04-24 05:10:59', '2019-04-24 05:10:59'),
(207, 37, 'Myrna Torp', 'Ab quia aut sit omnis. Enim iure quia illo tenetur autem harum rerum. Quidem voluptate veritatis in et necessitatibus id nemo.', 2, '2019-04-24 05:10:59', '2019-04-24 05:10:59'),
(208, 10, 'Angelita Keeling', 'Velit rem fugiat est dolor non debitis molestiae deleniti. Quia placeat aperiam esse ducimus. Soluta qui omnis facilis sit ipsa laborum.', 3, '2019-04-24 05:10:59', '2019-04-24 05:10:59'),
(209, 28, 'Aiden O\'Hara', 'Blanditiis accusamus sunt vel quis aspernatur non dolores omnis. Temporibus saepe quidem et. Debitis perferendis inventore consequatur quaerat. Qui quae temporibus nulla aut illo soluta eum.', 5, '2019-04-24 05:10:59', '2019-04-24 05:10:59'),
(210, 8, 'Mia Sporer', 'Animi in minus laborum non. Illo aut enim natus qui qui molestiae eos. Id voluptatem perferendis ut necessitatibus voluptas nesciunt. Excepturi ut sint voluptatem incidunt.', 4, '2019-04-24 05:10:59', '2019-04-24 05:10:59'),
(211, 28, 'Ellsworth Homenick I', 'Deserunt tenetur fuga minus eligendi placeat hic. Quia quia ex laudantium occaecati cum ipsa unde. Ipsa vel velit dicta incidunt exercitationem velit.', 2, '2019-04-24 05:10:59', '2019-04-24 05:10:59');
INSERT INTO `reviews` (`id`, `product_id`, `customer`, `review`, `star`, `created_at`, `updated_at`) VALUES
(212, 10, 'Prof. Lawrence Bayer II', 'Et iure quidem reprehenderit accusantium. Rem et fuga atque sit fugit. Laboriosam impedit dolorum vel veritatis error alias. Quis quod molestiae quasi ipsa qui ipsam ad.', 0, '2019-04-24 05:10:59', '2019-04-24 05:10:59'),
(213, 29, 'Dr. Delia Donnelly', 'Possimus velit iste omnis aut. Voluptas eaque aut harum saepe. Quidem ad rerum doloribus id voluptatem.', 3, '2019-04-24 05:10:59', '2019-04-24 05:10:59'),
(214, 20, 'Hanna Runte II', 'Vitae cumque culpa quod aut eaque. Sit hic voluptatibus aut. Inventore ducimus doloribus natus accusamus veniam ex nesciunt. Ut perspiciatis ratione eum ad quia aut reprehenderit. Cupiditate vel deserunt aut et.', 1, '2019-04-24 05:10:59', '2019-04-24 05:10:59'),
(215, 36, 'Reynold Kulas', 'Rem molestias nesciunt voluptatem est debitis. Doloribus animi rerum eos reprehenderit explicabo temporibus nihil. Delectus est non sapiente et dolor nulla.', 3, '2019-04-24 05:10:59', '2019-04-24 05:10:59'),
(216, 31, 'Mr. Jamie Klocko MD', 'Illo harum in ducimus vel qui laboriosam voluptatem. Sint dolorem iste sint. Corporis praesentium odio placeat distinctio sapiente hic. Accusantium architecto praesentium veniam saepe saepe laboriosam rerum.', 5, '2019-04-24 05:10:59', '2019-04-24 05:10:59'),
(217, 20, 'Genoveva Rippin', 'Quod quisquam et recusandae deserunt distinctio laboriosam laborum inventore. Ut culpa incidunt incidunt pariatur. Inventore iusto molestiae doloremque est.', 5, '2019-04-24 05:10:59', '2019-04-24 05:10:59'),
(218, 29, 'Fidel Eichmann', 'Totam voluptatibus et qui ea. Voluptatibus est velit officiis quaerat fugit praesentium. Laudantium veritatis atque aut saepe consequatur dolorem saepe. Consequatur et molestiae deserunt distinctio. Dicta vero magnam eum delectus nostrum ut delectus.', 0, '2019-04-24 05:10:59', '2019-04-24 05:10:59'),
(219, 27, 'Braeden McDermott', 'Aut qui rerum autem eos sunt. Sint assumenda velit fuga quam velit nostrum rem sint. Fugit quia doloremque soluta voluptatibus nisi voluptatem.', 1, '2019-04-24 05:10:59', '2019-04-24 05:10:59'),
(220, 8, 'Mr. Marcel Hill I', 'Id eum ea dicta. Quibusdam quae dolore qui necessitatibus. Sunt assumenda earum fugiat nobis aut animi. Dolores et velit voluptatem magni.', 1, '2019-04-24 05:10:59', '2019-04-24 05:10:59'),
(221, 41, 'Paul Sporer', 'Commodi non consequuntur tempore exercitationem. Dolore eum quia quia et et corrupti perspiciatis. Magnam consequuntur nulla sint qui iste debitis quia. Culpa ratione modi inventore ducimus iusto. Eaque quaerat vitae esse accusamus nihil distinctio.', 3, '2019-04-24 05:10:59', '2019-04-24 05:10:59'),
(222, 13, 'Lavon Barrows', 'Aut non harum aut qui quis corporis cum quisquam. Excepturi quidem rerum vero iure nesciunt nam. Eveniet architecto vero dolorem. Aperiam voluptatibus sint soluta qui.', 4, '2019-04-24 05:10:59', '2019-04-24 05:10:59'),
(223, 6, 'Rory Ziemann', 'Et aut ullam aut culpa est. Esse quo quidem laborum ut. Neque architecto ut enim autem expedita est.', 0, '2019-04-24 05:10:59', '2019-04-24 05:10:59'),
(224, 6, 'Lula Pagac MD', 'Dolore et molestiae libero cupiditate illum. Quis incidunt aspernatur rerum. Dicta distinctio eos placeat quas accusantium.', 2, '2019-04-24 05:10:59', '2019-04-24 05:10:59'),
(225, 7, 'Prof. Carlotta Dicki Sr.', 'Id natus alias a in. Voluptas praesentium distinctio ea tempora qui occaecati quo amet. Doloribus et vel aut saepe. Laboriosam maiores id dolorum dolorem.', 5, '2019-04-24 05:10:59', '2019-04-24 05:10:59'),
(226, 38, 'Prof. Brandon Langosh II', 'Quis nemo illum modi reprehenderit accusantium quia vitae. Voluptatem reiciendis ut nulla deleniti soluta autem. In magnam veniam repellendus autem. At rerum iste assumenda rerum voluptates nostrum.', 2, '2019-04-24 05:10:59', '2019-04-24 05:10:59'),
(227, 2, 'Mr. Norbert Sauer Jr.', 'In sed debitis laudantium eius eius impedit unde. Et odit possimus ea repudiandae sunt quaerat.', 2, '2019-04-24 05:10:59', '2019-04-24 05:10:59'),
(228, 44, 'Prof. Remington Schuster', 'Sunt incidunt sunt dolores est. Reiciendis soluta veritatis aspernatur rem non et laborum. Aspernatur alias sed alias repellendus commodi pariatur ducimus autem.', 5, '2019-04-24 05:10:59', '2019-04-24 05:10:59'),
(229, 33, 'Margot Abernathy', 'Nihil et expedita esse mollitia. Dolores ad ut non libero. Deleniti vero nesciunt magni sunt recusandae. Necessitatibus sint velit et.', 1, '2019-04-24 05:10:59', '2019-04-24 05:10:59'),
(230, 43, 'Mallie Cartwright', 'Dolores ab consequatur a praesentium quo hic. Eaque dolores qui quis modi inventore placeat saepe.', 1, '2019-04-24 05:10:59', '2019-04-24 05:10:59'),
(231, 32, 'Pascale Hamill', 'Perferendis accusantium ex aliquid fuga ratione in. Facere aut modi earum nisi. Alias in error fuga.', 3, '2019-04-24 05:10:59', '2019-04-24 05:10:59'),
(232, 23, 'Dr. Isabelle Watsica', 'Aut expedita quae eius eaque nulla aspernatur vitae voluptas. Eum blanditiis beatae et suscipit est sed dolor. Nostrum sit aut sed officia sunt minima ut. Sint consequatur ipsum odit ducimus omnis blanditiis.', 1, '2019-04-24 05:10:59', '2019-04-24 05:10:59'),
(233, 13, 'Dean Parker', 'Omnis officiis impedit aut odit optio consequatur voluptas doloremque. Exercitationem ab voluptas sit deleniti. Dicta quidem omnis ex aspernatur earum sequi veniam laboriosam. Dolorem aut deserunt quis nam harum illo. Est necessitatibus mollitia maiores et sint veniam.', 4, '2019-04-24 05:10:59', '2019-04-24 05:10:59'),
(234, 35, 'Margarett Braun DVM', 'Qui eum ipsum laudantium deleniti minima ut omnis. Quia odio maxime harum consequuntur eos. Error accusamus totam ea alias praesentium.', 0, '2019-04-24 05:10:59', '2019-04-24 05:10:59'),
(235, 6, 'Mireya Paucek', 'Occaecati ipsum quam dolorum est. Modi consequatur sunt sapiente eos exercitationem aut. Optio et incidunt incidunt rem omnis quod.', 3, '2019-04-24 05:10:59', '2019-04-24 05:10:59'),
(236, 33, 'Gabriella Olson', 'A quas soluta aut ut cum nemo vel rerum. Id et qui iste aut eos ut natus non. Eos ut voluptatibus voluptatibus voluptatibus.', 4, '2019-04-24 05:10:59', '2019-04-24 05:10:59'),
(237, 41, 'Heloise Leffler', 'Animi quo ea eos sed recusandae. Ipsam dolores qui placeat maxime vero laudantium ipsum. Libero veniam impedit natus doloremque adipisci veniam. Minima quasi accusamus in in ut quisquam.', 1, '2019-04-24 05:10:59', '2019-04-24 05:10:59'),
(238, 6, 'Randy Schroeder Jr.', 'Molestiae rerum sit maiores molestias voluptatem enim sit vel. Sit quidem qui necessitatibus quia. Voluptas porro facere sed aut earum.', 0, '2019-04-24 05:10:59', '2019-04-24 05:10:59'),
(239, 7, 'Rosa Weber', 'Qui dolorem occaecati praesentium enim voluptate et aliquam aut. Illum ut vel sint. Temporibus officia est sunt ut explicabo. Perferendis aut natus velit maiores doloribus quasi. Veritatis minima adipisci ea labore porro.', 1, '2019-04-24 05:10:59', '2019-04-24 05:10:59'),
(240, 24, 'Matteo Baumbach DDS', 'Repellendus omnis aspernatur optio aperiam sunt sapiente quod. Nihil odit qui totam tempore repudiandae incidunt harum. Enim ut eos sint qui. Assumenda aut omnis et vero.', 1, '2019-04-24 05:10:59', '2019-04-24 05:10:59'),
(241, 10, 'Prof. Gerard Carter', 'Soluta expedita quidem nesciunt sapiente distinctio. Est illum ipsam et voluptates vel neque. Sed reiciendis saepe repellendus sapiente et et veniam.', 3, '2019-04-24 05:10:59', '2019-04-24 05:10:59'),
(242, 47, 'Megane Gaylord', 'Voluptatem corrupti eligendi et repellendus dolore aut. Doloremque dolor cumque porro fugiat. Rem sequi temporibus qui nihil rerum hic. Vel praesentium dicta est nam quibusdam.', 0, '2019-04-24 05:10:59', '2019-04-24 05:10:59'),
(243, 18, 'Porter Blick', 'Blanditiis laudantium aut ea ut. Aut aspernatur sit earum culpa. Similique est soluta nemo tempora ut voluptatem ea.', 0, '2019-04-24 05:10:59', '2019-04-24 05:10:59'),
(244, 35, 'Mia Gutmann', 'Dolorum tempora debitis numquam et similique esse. Est earum nisi modi cumque iusto. Maiores dolores eos aut sit qui debitis doloribus harum.', 4, '2019-04-24 05:10:59', '2019-04-24 05:10:59'),
(245, 32, 'Prof. Carmel Rosenbaum V', 'Adipisci consequatur minus officiis. Inventore nesciunt sunt dolor corporis maiores et. Totam quibusdam architecto cupiditate et nihil cupiditate occaecati porro. Neque voluptas aut praesentium et impedit ea.', 0, '2019-04-24 05:10:59', '2019-04-24 05:10:59'),
(246, 23, 'Adolf Conroy', 'Nihil quod rerum molestias. Quisquam et neque aut consectetur. Omnis et aut molestiae quasi iste esse.', 4, '2019-04-24 05:10:59', '2019-04-24 05:10:59'),
(247, 48, 'Guy Metz', 'Velit sed maxime est aut sed fugiat. Ea provident tempora eos quo et. Vel velit rem et repudiandae.', 0, '2019-04-24 05:10:59', '2019-04-24 05:10:59'),
(248, 12, 'Lew Mueller', 'Aperiam non recusandae qui aliquid cumque aut vero inventore. Asperiores aliquid nam fugit explicabo molestiae commodi vel non.', 1, '2019-04-24 05:10:59', '2019-04-24 05:10:59'),
(249, 32, 'Harley Bartoletti', 'Nihil ullam incidunt commodi rerum molestiae quia et. Id ducimus porro voluptas optio. Nihil esse aut in sed incidunt minima.', 3, '2019-04-24 05:10:59', '2019-04-24 05:10:59'),
(250, 17, 'Erna Stroman', 'Eligendi sed est sint omnis nisi est. Sunt non et sed. Corporis dolorum id non. Ex veritatis sit molestiae quis quae natus eum. Modi vero itaque explicabo dolores in.', 1, '2019-04-24 05:10:59', '2019-04-24 05:10:59'),
(251, 43, 'Prof. Cristina Upton', 'Sunt expedita ut accusamus quia quos id. Consequatur cum a voluptatem commodi sit. Deserunt quia inventore eos rerum sunt.', 4, '2019-04-24 05:10:59', '2019-04-24 05:10:59'),
(252, 2, 'Moriah Ebert', 'Pariatur suscipit dicta mollitia cupiditate voluptas enim praesentium. Autem nostrum et amet possimus eos. Asperiores mollitia voluptates voluptas quidem non.', 4, '2019-04-24 05:10:59', '2019-04-24 05:10:59'),
(253, 30, 'Liza Runolfsson Sr.', 'Et et quod incidunt dicta rerum et ab. Error veniam ut et ratione. Magnam suscipit repellendus unde esse. Voluptatibus consectetur animi nisi voluptatum eveniet alias aperiam. Voluptatibus animi voluptatibus quisquam enim.', 5, '2019-04-24 05:10:59', '2019-04-24 05:10:59'),
(254, 49, 'Curt Daniel', 'Et ratione fugit quo officia sit. Vel et rerum quidem. Inventore omnis ducimus praesentium placeat.', 2, '2019-04-24 05:10:59', '2019-04-24 05:10:59'),
(255, 41, 'Mr. Rashad Walsh', 'Dolores hic voluptatem quibusdam et eveniet magni dolorem. Qui dicta veritatis molestiae rerum et similique maxime. Iste sed ea illum dicta. Qui repudiandae voluptas ut et.', 3, '2019-04-24 05:10:59', '2019-04-24 05:10:59'),
(256, 26, 'Lurline Senger', 'Nihil dolores dolor repellat ea. Repellendus deserunt doloremque nam. Modi quo autem molestias placeat ut consequuntur ut itaque. Voluptatem temporibus numquam sint dolorem repellendus. Eum illum laboriosam laudantium ducimus.', 0, '2019-04-24 05:10:59', '2019-04-24 05:10:59'),
(257, 14, 'Chris Hayes I', 'Atque molestiae rerum quam. Architecto minus laudantium libero voluptatum odit. Velit enim enim harum cumque.', 3, '2019-04-24 05:10:59', '2019-04-24 05:10:59'),
(258, 21, 'Otto Schultz', 'Veritatis dolorum rerum dolorum quod ea. Corrupti similique fugiat eos saepe eos aliquid. Eum commodi et impedit ratione voluptatem.', 1, '2019-04-24 05:10:59', '2019-04-24 05:10:59'),
(259, 25, 'Alysa Hermann', 'Reprehenderit consequatur eveniet ut doloremque atque dolorem. Est quae eos ut inventore nihil. Velit reiciendis ut quod ratione quia nostrum. Et eaque aut facilis dolor.', 1, '2019-04-24 05:10:59', '2019-04-24 05:10:59'),
(260, 43, 'Mustafa Johns Jr.', 'Quibusdam incidunt magni voluptatem maiores odio voluptates occaecati. Rerum est aut at cumque libero voluptatem. Ut quis vel veritatis occaecati. Natus ea magni accusantium aliquid beatae ea. Voluptate in explicabo minima sit.', 4, '2019-04-24 05:10:59', '2019-04-24 05:10:59'),
(261, 38, 'Erin Corkery III', 'Et quae ipsa sit nisi repudiandae aut fuga. Tempora suscipit sit et veniam ea minima. Ut cupiditate sit impedit necessitatibus rerum ea eos.', 5, '2019-04-24 05:10:59', '2019-04-24 05:10:59'),
(262, 3, 'Margret Mann', 'Similique sunt officiis repellendus incidunt repudiandae laudantium quo. Cupiditate non placeat consequatur dignissimos. Eos eius dicta nobis officiis est quisquam. Omnis blanditiis aut iusto est.', 1, '2019-04-24 05:10:59', '2019-04-24 05:10:59'),
(263, 48, 'Hope Bogisich III', 'Et omnis ad commodi nihil rerum et. Reiciendis qui sit sint inventore. Porro dolores assumenda enim aut nihil. Molestias rerum velit et quia voluptatem qui.', 0, '2019-04-24 05:10:59', '2019-04-24 05:10:59'),
(264, 46, 'Dr. Keshawn Sporer IV', 'Similique eum at aspernatur pariatur nisi veritatis. Suscipit eum praesentium deleniti expedita. Itaque a rerum autem ut. Quisquam perspiciatis qui alias rerum neque iure.', 0, '2019-04-24 05:10:59', '2019-04-24 05:10:59'),
(265, 11, 'Prof. Louvenia Haley', 'Nulla consequuntur expedita id impedit exercitationem sit. Et illum mollitia ipsam et velit aut vero qui. Facere fugit ducimus aspernatur qui. Dolores et vel rerum sapiente error quasi voluptas. Non neque labore culpa quas.', 3, '2019-04-24 05:10:59', '2019-04-24 05:10:59'),
(266, 36, 'Patience Daniel', 'Iure aliquam ratione porro ea inventore occaecati. Est suscipit atque cupiditate veritatis. Id sit et quaerat accusantium mollitia voluptatem. Voluptate eaque tenetur labore quia repudiandae.', 1, '2019-04-24 05:10:59', '2019-04-24 05:10:59'),
(267, 19, 'Delaney Zboncak', 'Eum est voluptate id id velit id repudiandae. In quo nesciunt et omnis perspiciatis. Est dignissimos facere expedita pariatur ipsa dolores.', 1, '2019-04-24 05:10:59', '2019-04-24 05:10:59'),
(268, 50, 'Ruthie Langworth', 'Quisquam qui iusto dignissimos. Distinctio sit sed quisquam nemo sed nam cupiditate quaerat. Rerum molestiae nemo ex dicta ex ut aut provident. Ea repellendus eos dolorem eveniet est fugiat.', 4, '2019-04-24 05:10:59', '2019-04-24 05:10:59'),
(269, 14, 'Franz Auer', 'Suscipit a dolorum commodi quia possimus ad earum. Cupiditate tempore iure voluptas aspernatur aspernatur et neque qui. Similique harum blanditiis ut velit. Enim accusamus perspiciatis vitae ipsam repellat qui voluptatem. Est ut asperiores non minus molestias veritatis debitis.', 3, '2019-04-24 05:10:59', '2019-04-24 05:10:59'),
(270, 12, 'Judy Kirlin', 'Aut ut voluptatem voluptates et quas quasi. Harum error sed nihil sit. Expedita non ea dolor vel minima.', 0, '2019-04-24 05:10:59', '2019-04-24 05:10:59'),
(271, 45, 'Dejuan Schimmel', 'Illo et vel est recusandae sit enim ut voluptatem. Vitae voluptatibus ratione amet quia nihil. Quas est nesciunt sunt et sit qui laborum.', 2, '2019-04-24 05:10:59', '2019-04-24 05:10:59'),
(272, 20, 'Claude Crona Sr.', 'Aspernatur ducimus culpa qui sit est recusandae. Quo atque aut necessitatibus ut.', 3, '2019-04-24 05:10:59', '2019-04-24 05:10:59'),
(273, 8, 'Renee Hartmann', 'Non labore consequatur provident est. Distinctio quidem odit consequatur. Vero voluptatem inventore aliquid dolores cumque.', 1, '2019-04-24 05:10:59', '2019-04-24 05:10:59'),
(274, 28, 'Jermey Bashirian', 'Quod omnis repellat velit. Ducimus omnis molestiae eius eligendi ut iste. Unde sequi eaque est aut. Sequi qui voluptates vel commodi voluptas expedita rem. Id officia soluta non facere aut non nobis.', 0, '2019-04-24 05:10:59', '2019-04-24 05:10:59'),
(275, 8, 'Cora King MD', 'Nihil culpa delectus similique voluptatem totam beatae. Eos deleniti ex deleniti officiis accusamus suscipit. Esse quia consequatur excepturi et fugiat eum est.', 3, '2019-04-24 05:10:59', '2019-04-24 05:10:59'),
(276, 25, 'Darrick Pfannerstill', 'Libero non mollitia laboriosam amet eaque. Dicta ipsam quaerat natus aut. Nostrum qui excepturi necessitatibus blanditiis qui.', 5, '2019-04-24 05:10:59', '2019-04-24 05:10:59'),
(277, 9, 'Flo Osinski', 'Adipisci minus non at veniam eos autem. Repellat voluptatem saepe eveniet. Corrupti doloremque expedita dolores molestias. Fuga sed nostrum qui sunt id.', 1, '2019-04-24 05:10:59', '2019-04-24 05:10:59'),
(278, 15, 'Prof. Kurtis Yundt PhD', 'Aut magnam facere aut voluptatem. Dolorum autem atque iure.', 3, '2019-04-24 05:10:59', '2019-04-24 05:10:59'),
(279, 15, 'Name Walsh III', 'Laudantium dolor non possimus consequatur est totam. Dolores dolorem aliquid debitis. Pariatur impedit quo officiis quod quasi.', 0, '2019-04-24 05:10:59', '2019-04-24 05:10:59'),
(280, 1, 'Prof. Jett Nolan', 'Et et aut est sunt ipsa. Accusantium vel aut minus ut. Excepturi veniam tempora quod.', 0, '2019-04-24 05:10:59', '2019-04-24 05:10:59'),
(281, 28, 'Lizeth Ankunding', 'Non mollitia harum est commodi. Est libero fugit et tempore iusto nisi et ipsa.', 4, '2019-04-24 05:10:59', '2019-04-24 05:10:59'),
(282, 5, 'Prof. Seamus Lueilwitz MD', 'Ut ut saepe necessitatibus dolorem. Deleniti et commodi rerum culpa deserunt consectetur nihil. Itaque cum odit qui quam quos enim.', 0, '2019-04-24 05:10:59', '2019-04-24 05:10:59'),
(283, 43, 'Myles Rodriguez', 'Doloremque et inventore et unde provident vero explicabo. Eum blanditiis saepe est. Vitae ex qui recusandae minima corrupti laudantium. Consequuntur iusto aut iure adipisci est magni totam rerum.', 3, '2019-04-24 05:10:59', '2019-04-24 05:10:59'),
(284, 28, 'Keegan Kuhic', 'Sit deleniti ut praesentium et consectetur. Et aut iure qui sit veniam aliquam.', 3, '2019-04-24 05:10:59', '2019-04-24 05:10:59'),
(285, 3, 'Emily Heller MD', 'Modi non saepe temporibus ullam autem. Perferendis quasi et incidunt officiis sit. Aut autem qui eveniet et ut consectetur ut. Est laborum qui in aut ipsam quas.', 0, '2019-04-24 05:10:59', '2019-04-24 05:10:59'),
(286, 42, 'Eve Schaden', 'Nobis doloribus eius cum. Fugit tempore et in libero fugit voluptatem. Suscipit neque fugit sunt sequi veniam reiciendis quos.', 4, '2019-04-24 05:10:59', '2019-04-24 05:10:59'),
(287, 27, 'Prof. Corine Mann MD', 'In voluptas consequatur velit amet earum sequi harum. Qui error veritatis et consequatur quos error nemo. Esse perspiciatis est pariatur nulla et quibusdam at.', 4, '2019-04-24 05:10:59', '2019-04-24 05:10:59'),
(288, 44, 'Maud Kassulke', 'Saepe non assumenda aut nihil ducimus sit rerum aut. Eum quo cumque accusamus ut et laboriosam reiciendis non. Sed et eligendi nemo voluptatibus expedita. Omnis aliquam sint dolore ipsa autem non qui.', 3, '2019-04-24 05:10:59', '2019-04-24 05:10:59'),
(289, 42, 'Logan Price MD', 'Dolor quia recusandae quia nihil nobis aspernatur. Sit consequuntur sed doloribus sit.', 2, '2019-04-24 05:10:59', '2019-04-24 05:10:59'),
(290, 34, 'Boris Wuckert', 'Reiciendis tempora sed et non perspiciatis voluptates. Voluptates non sit fugit. Ut alias dolores et quos repellendus quis. Et aut adipisci amet.', 2, '2019-04-24 05:10:59', '2019-04-24 05:10:59'),
(291, 39, 'Nella Sanford DDS', 'Explicabo et nemo ab illo. Consectetur earum amet distinctio dolor illo.', 3, '2019-04-24 05:10:59', '2019-04-24 05:10:59'),
(292, 20, 'Jerald Prosacco', 'Illo aspernatur magni ea quas et sed quod tempora. Itaque reprehenderit nulla corporis a facilis qui. Tempora reprehenderit sint enim aut atque veritatis reiciendis debitis. Et et atque inventore sed voluptatem asperiores.', 4, '2019-04-24 05:10:59', '2019-04-24 05:10:59'),
(293, 11, 'Dr. Freda Jacobs MD', 'Possimus saepe aut error corporis iure vel. Ab quis accusamus id perspiciatis. Ipsa cum neque autem optio et.', 4, '2019-04-24 05:10:59', '2019-04-24 05:10:59'),
(294, 28, 'Ms. Cathy Rippin', 'Voluptatem autem blanditiis ut quisquam laboriosam dolor. Fugit quia autem vero consequatur temporibus est. Labore et esse eos dolore.', 1, '2019-04-24 05:10:59', '2019-04-24 05:10:59'),
(295, 5, 'Mrs. Felicity McDermott Sr.', 'Commodi illo amet sit nihil. Reiciendis nobis necessitatibus eveniet voluptatem deleniti et. Temporibus dolore eos molestias qui sequi et. Sed est ducimus natus.', 1, '2019-04-24 05:10:59', '2019-04-24 05:10:59'),
(296, 5, 'Prof. Ova Bechtelar DVM', 'Aut nobis iste optio quas enim magni eius. Aut earum est molestiae voluptas repellat. Eius voluptas omnis ut voluptatem sit sed nesciunt libero. Eveniet inventore quasi et et.', 0, '2019-04-24 05:10:59', '2019-04-24 05:10:59'),
(297, 13, 'Mr. Ford Mayert', 'Perspiciatis delectus fugiat consequatur ut et unde. Recusandae est error vitae sequi beatae voluptatem tempore. Voluptas velit id molestiae iste quis blanditiis.', 4, '2019-04-24 05:10:59', '2019-04-24 05:10:59'),
(298, 46, 'Faye Lang', 'Enim adipisci corrupti fuga officia non consequatur. Minima ut velit deserunt libero quia. Quas nulla nam maxime corrupti qui dolores. Ab ut eaque cum autem recusandae.', 4, '2019-04-24 05:10:59', '2019-04-24 05:10:59'),
(299, 21, 'Mrs. Shakira Kirlin', 'Ea et quisquam illum quibusdam voluptate ut. Et officiis aut ex dolores culpa. Eum saepe consectetur doloribus non voluptatum quia. Velit in consequatur alias asperiores molestiae rerum provident sed.', 5, '2019-04-24 05:10:59', '2019-04-24 05:10:59'),
(300, 12, 'Margarett Purdy', 'Esse ratione itaque dolore ullam iste similique. Perspiciatis laborum ipsam nemo dignissimos ducimus reprehenderit. Eligendi amet deleniti voluptas incidunt blanditiis eum.', 0, '2019-04-24 05:10:59', '2019-04-24 05:10:59');

-- --------------------------------------------------------

--
-- Table structure for table `users`
--

DROP TABLE IF EXISTS `users`;
CREATE TABLE IF NOT EXISTS `users` (
  `id` bigint(20) UNSIGNED NOT NULL AUTO_INCREMENT,
  `name` varchar(100) COLLATE utf8mb4_unicode_ci NOT NULL,
  `email` varchar(100) COLLATE utf8mb4_unicode_ci NOT NULL,
  `email_verified_at` timestamp NULL DEFAULT NULL,
  `password` varchar(100) COLLATE utf8mb4_unicode_ci NOT NULL,
  `remember_token` varchar(100) COLLATE utf8mb4_unicode_ci DEFAULT NULL,
  `created_at` timestamp NULL DEFAULT NULL,
  `updated_at` timestamp NULL DEFAULT NULL,
  PRIMARY KEY (`id`),
  UNIQUE KEY `users_email_unique` (`email`)
) ENGINE=MyISAM DEFAULT CHARSET=utf8mb4 COLLATE=utf8mb4_unicode_ci;
COMMIT;

/*!40101 SET CHARACTER_SET_CLIENT=@OLD_CHARACTER_SET_CLIENT */;
/*!40101 SET CHARACTER_SET_RESULTS=@OLD_CHARACTER_SET_RESULTS */;
/*!40101 SET COLLATION_CONNECTION=@OLD_COLLATION_CONNECTION */;
